﻿<?xml version="1.0" encoding="utf-8"?>
<abapGit version="v1.0.0" serializer="LCL_OBJECT_IWPR" serializer_version="v1.0.0">
 <asx:abap xmlns:asx="http://www.sap.com/abapxml" version="1.0">
  <asx:values>
   <_-IWBEP_-I_SBD_AT>
    <_-IWBEP_-I_SBD_AT>
     <PROJECT>ZCA_GW_ATTACHMENT</PROJECT>
     <NODE_UUID>AkxsvKpdHtum0jvdSzrg0Q==</NODE_UUID>
     <NODE_UUID_PA>AkxsvKpdHtum0f1n9Q0A0Q==</NODE_UUID_PA>
     <PLUGIN_PA>/IWBEP/CORE</PLUGIN_PA>
     <NODE_TYPE_PA>PROJ</NODE_TYPE_PA>
     <NAME>GENERATED_METHODS_RDS</NAME>
     <TYPE>V2_RDS</TYPE>
     <MIME_TYPE>XML</MIME_TYPE>
     <VALUE>PD94bWwgdmVyc2lvbj0iMS4wIiBlbmNvZGluZz0idXRmLTgiPz48YXN4OmFiYXAgdmVyc2lvbj0i
MS4wIiB4bWxuczphc3g9Imh0dHA6Ly93d3cuc2FwLmNvbS9hYmFweG1sIj48YXN4OnZhbHVlcz48
R0VOLz48L2FzeDp2YWx1ZXM+PC9hc3g6YWJhcD4=</VALUE>
    </_-IWBEP_-I_SBD_AT>
   </_-IWBEP_-I_SBD_AT>
   <_-IWBEP_-I_SBD_DS>
    <_-IWBEP_-I_SBD_DS>
     <PROJECT>ZCA_GW_ATTACHMENT</PROJECT>
     <NODE_UUID>AkxsvKpdHtum0gB0sBLA0Q==</NODE_UUID>
     <PARENT_UUID>AkxsvKpdHtum0f1n9Q1A0Q==</PARENT_UUID>
     <NAME>ZCA_S_ATTACHMENT_KEY</NAME>
     <DS_TYPE>5</DS_TYPE>
    </_-IWBEP_-I_SBD_DS>
    <_-IWBEP_-I_SBD_DS>
     <PROJECT>ZCA_GW_ATTACHMENT</PROJECT>
     <NODE_UUID>AkxsvKpdHtum0gVHS9nA0Q==</NODE_UUID>
     <PARENT_UUID>AkxsvKpdHtum0f1n9Q1A0Q==</PARENT_UUID>
     <NAME>ZCA_S_ATTACHMENT_SRV</NAME>
     <DS_TYPE>5</DS_TYPE>
    </_-IWBEP_-I_SBD_DS>
    <_-IWBEP_-I_SBD_DS>
     <PROJECT>ZCA_GW_ATTACHMENT</PROJECT>
     <NODE_UUID>AkxsvKpdHtum0jBK8mNA0Q==</NODE_UUID>
     <PARENT_UUID>AkxsvKpdHtum0f1n9Q1A0Q==</PARENT_UUID>
     <NAME>ZCA_S_COMMENT_SRV</NAME>
     <DS_TYPE>5</DS_TYPE>
    </_-IWBEP_-I_SBD_DS>
   </_-IWBEP_-I_SBD_DS>
   <_-IWBEP_-I_SBD_DST>
    <_-IWBEP_-I_SBD_DST>
     <SYLANGU>E</SYLANGU>
     <PROJECT>ZCA_GW_ATTACHMENT</PROJECT>
     <NODE_UUID>AkxsvKpdHtum0gB0sBLA0Q==</NODE_UUID>
    </_-IWBEP_-I_SBD_DST>
    <_-IWBEP_-I_SBD_DST>
     <SYLANGU>E</SYLANGU>
     <PROJECT>ZCA_GW_ATTACHMENT</PROJECT>
     <NODE_UUID>AkxsvKpdHtum0gVHS9nA0Q==</NODE_UUID>
    </_-IWBEP_-I_SBD_DST>
    <_-IWBEP_-I_SBD_DST>
     <SYLANGU>E</SYLANGU>
     <PROJECT>ZCA_GW_ATTACHMENT</PROJECT>
     <NODE_UUID>AkxsvKpdHtum0jBK8mNA0Q==</NODE_UUID>
    </_-IWBEP_-I_SBD_DST>
   </_-IWBEP_-I_SBD_DST>
   <_-IWBEP_-I_SBD_GA>
    <_-IWBEP_-I_SBD_GA>
     <PROJECT>ZCA_GW_ATTACHMENT</PROJECT>
     <NODE_UUID>AkxsvKpdHtum0jvdSztA0Q==</NODE_UUID>
     <CREATION_USER_ID>SAUP164</CREATION_USER_ID>
     <CREATION_TIME>20210411064905.732066</CREATION_TIME>
     <LAST_CHG_USER_ID>SAUP164</LAST_CHG_USER_ID>
     <LAST_CHG_TIME>20210415020505.778495</LAST_CHG_TIME>
     <NAME>ZCL_ZCA_GW_ATTACHMENT_MPC</NAME>
     <PGMID>R3TR</PGMID>
     <TROBJ_TYPE>CLAS</TROBJ_TYPE>
     <TROBJ_NAME>ZCL_ZCA_GW_ATTACHMENT_MPC</TROBJ_NAME>
     <GEN_ART_TYPE>MPCB</GEN_ART_TYPE>
    </_-IWBEP_-I_SBD_GA>
    <_-IWBEP_-I_SBD_GA>
     <PROJECT>ZCA_GW_ATTACHMENT</PROJECT>
     <NODE_UUID>AkxsvKpdHtum0jvdSztg0Q==</NODE_UUID>
     <CREATION_USER_ID>SAUP164</CREATION_USER_ID>
     <CREATION_TIME>20210411064905.732072</CREATION_TIME>
     <LAST_CHG_USER_ID>SAUP164</LAST_CHG_USER_ID>
     <LAST_CHG_TIME>20210415020505.778505</LAST_CHG_TIME>
     <NAME>ZCL_ZCA_GW_ATTACHMENT_MPC_EXT</NAME>
     <PGMID>R3TR</PGMID>
     <TROBJ_TYPE>CLAS</TROBJ_TYPE>
     <TROBJ_NAME>ZCL_ZCA_GW_ATTACHMENT_MPC_EXT</TROBJ_NAME>
     <GEN_ART_TYPE>MPCS</GEN_ART_TYPE>
    </_-IWBEP_-I_SBD_GA>
    <_-IWBEP_-I_SBD_GA>
     <PROJECT>ZCA_GW_ATTACHMENT</PROJECT>
     <NODE_UUID>AkxsvKpdHtum0jvdSzuA0Q==</NODE_UUID>
     <CREATION_USER_ID>SAUP164</CREATION_USER_ID>
     <CREATION_TIME>20210411064908.596897</CREATION_TIME>
     <NAME>ZCL_ZCA_GW_ATTACHMENT_DPC</NAME>
     <PGMID>R3TR</PGMID>
     <TROBJ_TYPE>CLAS</TROBJ_TYPE>
     <TROBJ_NAME>ZCL_ZCA_GW_ATTACHMENT_DPC</TROBJ_NAME>
     <GEN_ART_TYPE>DPCB</GEN_ART_TYPE>
    </_-IWBEP_-I_SBD_GA>
    <_-IWBEP_-I_SBD_GA>
     <PROJECT>ZCA_GW_ATTACHMENT</PROJECT>
     <NODE_UUID>AkxsvKpdHtum0jvdSzug0Q==</NODE_UUID>
     <CREATION_USER_ID>SAUP164</CREATION_USER_ID>
     <CREATION_TIME>20210411064909.710791</CREATION_TIME>
     <NAME>ZCL_ZCA_GW_ATTACHMENT_DPC_EXT</NAME>
     <PGMID>R3TR</PGMID>
     <TROBJ_TYPE>CLAS</TROBJ_TYPE>
     <TROBJ_NAME>ZCL_ZCA_GW_ATTACHMENT_DPC_EXT</TROBJ_NAME>
     <GEN_ART_TYPE>DPCS</GEN_ART_TYPE>
    </_-IWBEP_-I_SBD_GA>
    <_-IWBEP_-I_SBD_GA>
     <PROJECT>ZCA_GW_ATTACHMENT</PROJECT>
     <NODE_UUID>AkxsvKpdHtum0jvdSzvA0Q==</NODE_UUID>
     <CREATION_USER_ID>SAUP164</CREATION_USER_ID>
     <CREATION_TIME>20210411064910.244582</CREATION_TIME>
     <NAME>ZCA_GW_ATTACHMENT_MDL</NAME>
     <PGMID>R3TR</PGMID>
     <TROBJ_TYPE>IWMO</TROBJ_TYPE>
     <TROBJ_NAME>ZCA_GW_ATTACHMENT_MDL</TROBJ_NAME>
     <GEN_ART_TYPE>MDL</GEN_ART_TYPE>
    </_-IWBEP_-I_SBD_GA>
    <_-IWBEP_-I_SBD_GA>
     <PROJECT>ZCA_GW_ATTACHMENT</PROJECT>
     <NODE_UUID>AkxsvKpdHtum0jvdSzvg0Q==</NODE_UUID>
     <CREATION_USER_ID>SAUP164</CREATION_USER_ID>
     <CREATION_TIME>20210411064910.24459</CREATION_TIME>
     <NAME>ZCA_GW_ATTACHMENT_SRV</NAME>
     <PGMID>R3TR</PGMID>
     <TROBJ_TYPE>IWSV</TROBJ_TYPE>
     <TROBJ_NAME>ZCA_GW_ATTACHMENT_SRV</TROBJ_NAME>
     <GEN_ART_TYPE>SRV</GEN_ART_TYPE>
    </_-IWBEP_-I_SBD_GA>
   </_-IWBEP_-I_SBD_GA>
   <_-IWBEP_-I_SBD_GAT>
    <_-IWBEP_-I_SBD_GAT>
     <SYLANGU>E</SYLANGU>
     <PROJECT>ZCA_GW_ATTACHMENT</PROJECT>
     <NODE_UUID>AkxsvKpdHtum0jvdSztA0Q==</NODE_UUID>
    </_-IWBEP_-I_SBD_GAT>
    <_-IWBEP_-I_SBD_GAT>
     <SYLANGU>E</SYLANGU>
     <PROJECT>ZCA_GW_ATTACHMENT</PROJECT>
     <NODE_UUID>AkxsvKpdHtum0jvdSztg0Q==</NODE_UUID>
    </_-IWBEP_-I_SBD_GAT>
    <_-IWBEP_-I_SBD_GAT>
     <SYLANGU>E</SYLANGU>
     <PROJECT>ZCA_GW_ATTACHMENT</PROJECT>
     <NODE_UUID>AkxsvKpdHtum0jvdSzuA0Q==</NODE_UUID>
    </_-IWBEP_-I_SBD_GAT>
    <_-IWBEP_-I_SBD_GAT>
     <SYLANGU>E</SYLANGU>
     <PROJECT>ZCA_GW_ATTACHMENT</PROJECT>
     <NODE_UUID>AkxsvKpdHtum0jvdSzug0Q==</NODE_UUID>
    </_-IWBEP_-I_SBD_GAT>
    <_-IWBEP_-I_SBD_GAT>
     <SYLANGU>E</SYLANGU>
     <PROJECT>ZCA_GW_ATTACHMENT</PROJECT>
     <NODE_UUID>AkxsvKpdHtum0jvdSzvA0Q==</NODE_UUID>
    </_-IWBEP_-I_SBD_GAT>
    <_-IWBEP_-I_SBD_GAT>
     <SYLANGU>E</SYLANGU>
     <PROJECT>ZCA_GW_ATTACHMENT</PROJECT>
     <NODE_UUID>AkxsvKpdHtum0jvdSzvg0Q==</NODE_UUID>
    </_-IWBEP_-I_SBD_GAT>
   </_-IWBEP_-I_SBD_GAT>
   <_-IWBEP_-I_SBD_MD>
    <_-IWBEP_-I_SBD_MD>
     <PROJECT>ZCA_GW_ATTACHMENT</PROJECT>
     <NODE_UUID>AkxsvKpdHtum0f1n9Q0g0Q==</NODE_UUID>
     <NODE_UUID_PA>AkxsvKpdHtum0f1n9Q0A0Q==</NODE_UUID_PA>
     <PLUGIN_PA>/IWBEP/CORE</PLUGIN_PA>
     <NODE_TYPE_PA>PROJ</NODE_TYPE_PA>
     <TECHNICAL_NAME>ZCA_GW_ATTACHMENT_MDL</TECHNICAL_NAME>
     <VERSION>0001</VERSION>
     <MPC>ZCL_ZCA_GW_ATTACHMENT_MPC_EXT</MPC>
     <STATE_NS>S</STATE_NS>
     <VALUE_NS>ZCA_GW_ATTACHMENT_SRV</VALUE_NS>
    </_-IWBEP_-I_SBD_MD>
   </_-IWBEP_-I_SBD_MD>
   <_-IWBEP_-I_SBD_MDT>
    <_-IWBEP_-I_SBD_MDT>
     <SYLANGU>E</SYLANGU>
     <PROJECT>ZCA_GW_ATTACHMENT</PROJECT>
     <NODE_UUID>AkxsvKpdHtum0f1n9Q0g0Q==</NODE_UUID>
    </_-IWBEP_-I_SBD_MDT>
   </_-IWBEP_-I_SBD_MDT>
   <_-IWBEP_-I_SBD_NOI>
    <_-IWBEP_-I_SBD_NOI>
     <PROJECT>ZCA_GW_ATTACHMENT</PROJECT>
     <NODE_UUID>AkxsvKpdHtum0f1n9Q0A0Q==</NODE_UUID>
    </_-IWBEP_-I_SBD_NOI>
    <_-IWBEP_-I_SBD_NOI>
     <PROJECT>ZCA_GW_ATTACHMENT</PROJECT>
     <NODE_UUID>AkxsvKpdHtum0f1n9Q0g0Q==</NODE_UUID>
    </_-IWBEP_-I_SBD_NOI>
    <_-IWBEP_-I_SBD_NOI>
     <PROJECT>ZCA_GW_ATTACHMENT</PROJECT>
     <NODE_UUID>AkxsvKpdHtum0f1n9Q1A0Q==</NODE_UUID>
    </_-IWBEP_-I_SBD_NOI>
    <_-IWBEP_-I_SBD_NOI>
     <PROJECT>ZCA_GW_ATTACHMENT</PROJECT>
     <NODE_UUID>AkxsvKpdHtum0gB0sBLA0Q==</NODE_UUID>
    </_-IWBEP_-I_SBD_NOI>
    <_-IWBEP_-I_SBD_NOI>
     <PROJECT>ZCA_GW_ATTACHMENT</PROJECT>
     <NODE_UUID>AkxsvKpdHtum0gIUyEag0Q==</NODE_UUID>
     <TYPE>DASO</TYPE>
     <NAME>024C6CBCAA5D1EDBA6D20074B012C0D1ZCA_S_ATTACHMENT_KEY</NAME>
    </_-IWBEP_-I_SBD_NOI>
    <_-IWBEP_-I_SBD_NOI>
     <PROJECT>ZCA_GW_ATTACHMENT</PROJECT>
     <NODE_UUID>AkxsvKpdHtum0gIUyEbA0Q==</NODE_UUID>
     <TYPE>DASO</TYPE>
     <NAME>024C6CBCAA5D1EDBA6D20074B012C0D1ZCA_S_ATTACHMENT_KEY\INSTANCEID</NAME>
    </_-IWBEP_-I_SBD_NOI>
    <_-IWBEP_-I_SBD_NOI>
     <PROJECT>ZCA_GW_ATTACHMENT</PROJECT>
     <NODE_UUID>AkxsvKpdHtum0gIUyEbg0Q==</NODE_UUID>
     <TYPE>DASO</TYPE>
     <NAME>024C6CBCAA5D1EDBA6D20074B012C0D1ZCA_S_ATTACHMENT_KEY\TYPEID</NAME>
    </_-IWBEP_-I_SBD_NOI>
    <_-IWBEP_-I_SBD_NOI>
     <PROJECT>ZCA_GW_ATTACHMENT</PROJECT>
     <NODE_UUID>AkxsvKpdHtum0gIUyEcA0Q==</NODE_UUID>
     <TYPE>DASO</TYPE>
     <NAME>024C6CBCAA5D1EDBA6D20074B012C0D1ZCA_S_ATTACHMENT_KEY\CATID</NAME>
    </_-IWBEP_-I_SBD_NOI>
    <_-IWBEP_-I_SBD_NOI>
     <PROJECT>ZCA_GW_ATTACHMENT</PROJECT>
     <NODE_UUID>AkxsvKpdHtum0gIUyEcg0Q==</NODE_UUID>
    </_-IWBEP_-I_SBD_NOI>
    <_-IWBEP_-I_SBD_NOI>
     <PROJECT>ZCA_GW_ATTACHMENT</PROJECT>
     <NODE_UUID>AkxsvKpdHtum0gIUyEdA0Q==</NODE_UUID>
    </_-IWBEP_-I_SBD_NOI>
    <_-IWBEP_-I_SBD_NOI>
     <PROJECT>ZCA_GW_ATTACHMENT</PROJECT>
     <NODE_UUID>AkxsvKpdHtum0gIUyEdg0Q==</NODE_UUID>
    </_-IWBEP_-I_SBD_NOI>
    <_-IWBEP_-I_SBD_NOI>
     <PROJECT>ZCA_GW_ATTACHMENT</PROJECT>
     <NODE_UUID>AkxsvKpdHtum0gIUyEeA0Q==</NODE_UUID>
    </_-IWBEP_-I_SBD_NOI>
    <_-IWBEP_-I_SBD_NOI>
     <PROJECT>ZCA_GW_ATTACHMENT</PROJECT>
     <NODE_UUID>AkxsvKpdHtum0gIUyEeg0Q==</NODE_UUID>
    </_-IWBEP_-I_SBD_NOI>
    <_-IWBEP_-I_SBD_NOI>
     <PROJECT>ZCA_GW_ATTACHMENT</PROJECT>
     <NODE_UUID>AkxsvKpdHtum0gIUyEfA0Q==</NODE_UUID>
    </_-IWBEP_-I_SBD_NOI>
    <_-IWBEP_-I_SBD_NOI>
     <PROJECT>ZCA_GW_ATTACHMENT</PROJECT>
     <NODE_UUID>AkxsvKpdHtum0gIUyEfg0Q==</NODE_UUID>
    </_-IWBEP_-I_SBD_NOI>
    <_-IWBEP_-I_SBD_NOI>
     <PROJECT>ZCA_GW_ATTACHMENT</PROJECT>
     <NODE_UUID>AkxsvKpdHtum0gVHS9nA0Q==</NODE_UUID>
    </_-IWBEP_-I_SBD_NOI>
    <_-IWBEP_-I_SBD_NOI>
     <PROJECT>ZCA_GW_ATTACHMENT</PROJECT>
     <NODE_UUID>AkxsvKpdHtum0hS7lz3A0Q==</NODE_UUID>
     <TYPE>DASO</TYPE>
     <NAME>024C6CBCAA5D1EDBA6D205474BD9C0D1ZCA_S_ATTACHMENT_SRV</NAME>
    </_-IWBEP_-I_SBD_NOI>
    <_-IWBEP_-I_SBD_NOI>
     <PROJECT>ZCA_GW_ATTACHMENT</PROJECT>
     <NODE_UUID>AkxsvKpdHtum0hS7lz3g0Q==</NODE_UUID>
     <TYPE>DASO</TYPE>
     <NAME>024C6CBCAA5D1EDBA6D205474BD9C0D1ZCA_S_ATTACHMENT_SRV\INSTANCEID</NAME>
    </_-IWBEP_-I_SBD_NOI>
    <_-IWBEP_-I_SBD_NOI>
     <PROJECT>ZCA_GW_ATTACHMENT</PROJECT>
     <NODE_UUID>AkxsvKpdHtum0hS7lz4A0Q==</NODE_UUID>
     <TYPE>DASO</TYPE>
     <NAME>024C6CBCAA5D1EDBA6D205474BD9C0D1ZCA_S_ATTACHMENT_SRV\ID</NAME>
    </_-IWBEP_-I_SBD_NOI>
    <_-IWBEP_-I_SBD_NOI>
     <PROJECT>ZCA_GW_ATTACHMENT</PROJECT>
     <NODE_UUID>AkxsvKpdHtum0hS7lz4g0Q==</NODE_UUID>
     <TYPE>DASO</TYPE>
     <NAME>024C6CBCAA5D1EDBA6D205474BD9C0D1ZCA_S_ATTACHMENT_SRV\CREATEDBY</NAME>
    </_-IWBEP_-I_SBD_NOI>
    <_-IWBEP_-I_SBD_NOI>
     <PROJECT>ZCA_GW_ATTACHMENT</PROJECT>
     <NODE_UUID>AkxsvKpdHtum0hS7lz5A0Q==</NODE_UUID>
     <TYPE>DASO</TYPE>
     <NAME>024C6CBCAA5D1EDBA6D205474BD9C0D1ZCA_S_ATTACHMENT_SRV\CREAYEDBYNAME</NAME>
    </_-IWBEP_-I_SBD_NOI>
    <_-IWBEP_-I_SBD_NOI>
     <PROJECT>ZCA_GW_ATTACHMENT</PROJECT>
     <NODE_UUID>AkxsvKpdHtum0hS7lz5g0Q==</NODE_UUID>
     <TYPE>DASO</TYPE>
     <NAME>024C6CBCAA5D1EDBA6D205474BD9C0D1ZCA_S_ATTACHMENT_SRV\CREATEDAT</NAME>
    </_-IWBEP_-I_SBD_NOI>
    <_-IWBEP_-I_SBD_NOI>
     <PROJECT>ZCA_GW_ATTACHMENT</PROJECT>
     <NODE_UUID>AkxsvKpdHtum0hS7lz6A0Q==</NODE_UUID>
     <TYPE>DASO</TYPE>
     <NAME>024C6CBCAA5D1EDBA6D205474BD9C0D1ZCA_S_ATTACHMENT_SRV\MIMETYPE</NAME>
    </_-IWBEP_-I_SBD_NOI>
    <_-IWBEP_-I_SBD_NOI>
     <PROJECT>ZCA_GW_ATTACHMENT</PROJECT>
     <NODE_UUID>AkxsvKpdHtum0hS7lz6g0Q==</NODE_UUID>
     <TYPE>DASO</TYPE>
     <NAME>024C6CBCAA5D1EDBA6D205474BD9C0D1ZCA_S_ATTACHMENT_SRV\FILESIZE</NAME>
    </_-IWBEP_-I_SBD_NOI>
    <_-IWBEP_-I_SBD_NOI>
     <PROJECT>ZCA_GW_ATTACHMENT</PROJECT>
     <NODE_UUID>AkxsvKpdHtum0hS7lz7A0Q==</NODE_UUID>
     <TYPE>DASO</TYPE>
     <NAME>024C6CBCAA5D1EDBA6D205474BD9C0D1ZCA_S_ATTACHMENT_SRV\FILENAME</NAME>
    </_-IWBEP_-I_SBD_NOI>
    <_-IWBEP_-I_SBD_NOI>
     <PROJECT>ZCA_GW_ATTACHMENT</PROJECT>
     <NODE_UUID>AkxsvKpdHtum0hS7lz7g0Q==</NODE_UUID>
     <TYPE>DASO</TYPE>
     <NAME>024C6CBCAA5D1EDBA6D205474BD9C0D1ZCA_S_ATTACHMENT_SRV\TYPEID</NAME>
    </_-IWBEP_-I_SBD_NOI>
    <_-IWBEP_-I_SBD_NOI>
     <PROJECT>ZCA_GW_ATTACHMENT</PROJECT>
     <NODE_UUID>AkxsvKpdHtum0hS7lz8A0Q==</NODE_UUID>
     <TYPE>DASO</TYPE>
     <NAME>024C6CBCAA5D1EDBA6D205474BD9C0D1ZCA_S_ATTACHMENT_SRV\CATID</NAME>
    </_-IWBEP_-I_SBD_NOI>
    <_-IWBEP_-I_SBD_NOI>
     <PROJECT>ZCA_GW_ATTACHMENT</PROJECT>
     <NODE_UUID>AkxsvKpdHtum0hS7lz8g0Q==</NODE_UUID>
    </_-IWBEP_-I_SBD_NOI>
    <_-IWBEP_-I_SBD_NOI>
     <PROJECT>ZCA_GW_ATTACHMENT</PROJECT>
     <NODE_UUID>AkxsvKpdHtum0hS7lz9A0Q==</NODE_UUID>
    </_-IWBEP_-I_SBD_NOI>
    <_-IWBEP_-I_SBD_NOI>
     <PROJECT>ZCA_GW_ATTACHMENT</PROJECT>
     <NODE_UUID>AkxsvKpdHtum0hS7lz9g0Q==</NODE_UUID>
    </_-IWBEP_-I_SBD_NOI>
    <_-IWBEP_-I_SBD_NOI>
     <PROJECT>ZCA_GW_ATTACHMENT</PROJECT>
     <NODE_UUID>AkxsvKpdHtum0hS7lz+A0Q==</NODE_UUID>
    </_-IWBEP_-I_SBD_NOI>
    <_-IWBEP_-I_SBD_NOI>
     <PROJECT>ZCA_GW_ATTACHMENT</PROJECT>
     <NODE_UUID>AkxsvKpdHtum0hS7lz+g0Q==</NODE_UUID>
    </_-IWBEP_-I_SBD_NOI>
    <_-IWBEP_-I_SBD_NOI>
     <PROJECT>ZCA_GW_ATTACHMENT</PROJECT>
     <NODE_UUID>AkxsvKpdHtum0hS7lz/A0Q==</NODE_UUID>
    </_-IWBEP_-I_SBD_NOI>
    <_-IWBEP_-I_SBD_NOI>
     <PROJECT>ZCA_GW_ATTACHMENT</PROJECT>
     <NODE_UUID>AkxsvKpdHtum0hS7lz/g0Q==</NODE_UUID>
    </_-IWBEP_-I_SBD_NOI>
    <_-IWBEP_-I_SBD_NOI>
     <PROJECT>ZCA_GW_ATTACHMENT</PROJECT>
     <NODE_UUID>AkxsvKpdHtum0jBK8mNA0Q==</NODE_UUID>
    </_-IWBEP_-I_SBD_NOI>
    <_-IWBEP_-I_SBD_NOI>
     <PROJECT>ZCA_GW_ATTACHMENT</PROJECT>
     <NODE_UUID>AkxsvKpdHtum0jWL0Nmg0Q==</NODE_UUID>
     <TYPE>DASO</TYPE>
     <NAME>024C6CBCAA5D1EDBA6D2304AF26340D1ZCA_S_COMMENT_SRV</NAME>
    </_-IWBEP_-I_SBD_NOI>
    <_-IWBEP_-I_SBD_NOI>
     <PROJECT>ZCA_GW_ATTACHMENT</PROJECT>
     <NODE_UUID>AkxsvKpdHtum0jWL0NnA0Q==</NODE_UUID>
     <TYPE>DASO</TYPE>
     <NAME>024C6CBCAA5D1EDBA6D2304AF26340D1ZCA_S_COMMENT_SRV\INSTANCEID</NAME>
    </_-IWBEP_-I_SBD_NOI>
    <_-IWBEP_-I_SBD_NOI>
     <PROJECT>ZCA_GW_ATTACHMENT</PROJECT>
     <NODE_UUID>AkxsvKpdHtum0jWL0Nng0Q==</NODE_UUID>
     <TYPE>DASO</TYPE>
     <NAME>024C6CBCAA5D1EDBA6D2304AF26340D1ZCA_S_COMMENT_SRV\ID</NAME>
    </_-IWBEP_-I_SBD_NOI>
    <_-IWBEP_-I_SBD_NOI>
     <PROJECT>ZCA_GW_ATTACHMENT</PROJECT>
     <NODE_UUID>AkxsvKpdHtum0jWL0NoA0Q==</NODE_UUID>
     <TYPE>DASO</TYPE>
     <NAME>024C6CBCAA5D1EDBA6D2304AF26340D1ZCA_S_COMMENT_SRV\CREATEDBY</NAME>
    </_-IWBEP_-I_SBD_NOI>
    <_-IWBEP_-I_SBD_NOI>
     <PROJECT>ZCA_GW_ATTACHMENT</PROJECT>
     <NODE_UUID>AkxsvKpdHtum0jWL0Nog0Q==</NODE_UUID>
     <TYPE>DASO</TYPE>
     <NAME>024C6CBCAA5D1EDBA6D2304AF26340D1ZCA_S_COMMENT_SRV\CREATEDBYNAME</NAME>
    </_-IWBEP_-I_SBD_NOI>
    <_-IWBEP_-I_SBD_NOI>
     <PROJECT>ZCA_GW_ATTACHMENT</PROJECT>
     <NODE_UUID>AkxsvKpdHtum0jWL0NpA0Q==</NODE_UUID>
     <TYPE>DASO</TYPE>
     <NAME>024C6CBCAA5D1EDBA6D2304AF26340D1ZCA_S_COMMENT_SRV\CREATEDAT</NAME>
    </_-IWBEP_-I_SBD_NOI>
    <_-IWBEP_-I_SBD_NOI>
     <PROJECT>ZCA_GW_ATTACHMENT</PROJECT>
     <NODE_UUID>AkxsvKpdHtum0jWL0Npg0Q==</NODE_UUID>
     <TYPE>DASO</TYPE>
     <NAME>024C6CBCAA5D1EDBA6D2304AF26340D1ZCA_S_COMMENT_SRV\NOTE</NAME>
    </_-IWBEP_-I_SBD_NOI>
    <_-IWBEP_-I_SBD_NOI>
     <PROJECT>ZCA_GW_ATTACHMENT</PROJECT>
     <NODE_UUID>AkxsvKpdHtum0jWL0NqA0Q==</NODE_UUID>
     <TYPE>DASO</TYPE>
     <NAME>024C6CBCAA5D1EDBA6D2304AF26340D1ZCA_S_COMMENT_SRV\TYPEID</NAME>
    </_-IWBEP_-I_SBD_NOI>
    <_-IWBEP_-I_SBD_NOI>
     <PROJECT>ZCA_GW_ATTACHMENT</PROJECT>
     <NODE_UUID>AkxsvKpdHtum0jWL0Nqg0Q==</NODE_UUID>
     <TYPE>DASO</TYPE>
     <NAME>024C6CBCAA5D1EDBA6D2304AF26340D1ZCA_S_COMMENT_SRV\CATID</NAME>
    </_-IWBEP_-I_SBD_NOI>
    <_-IWBEP_-I_SBD_NOI>
     <PROJECT>ZCA_GW_ATTACHMENT</PROJECT>
     <NODE_UUID>AkxsvKpdHtum0jWL0NrA0Q==</NODE_UUID>
    </_-IWBEP_-I_SBD_NOI>
    <_-IWBEP_-I_SBD_NOI>
     <PROJECT>ZCA_GW_ATTACHMENT</PROJECT>
     <NODE_UUID>AkxsvKpdHtum0jWL0Nrg0Q==</NODE_UUID>
    </_-IWBEP_-I_SBD_NOI>
    <_-IWBEP_-I_SBD_NOI>
     <PROJECT>ZCA_GW_ATTACHMENT</PROJECT>
     <NODE_UUID>AkxsvKpdHtum0jWL0NsA0Q==</NODE_UUID>
    </_-IWBEP_-I_SBD_NOI>
    <_-IWBEP_-I_SBD_NOI>
     <PROJECT>ZCA_GW_ATTACHMENT</PROJECT>
     <NODE_UUID>AkxsvKpdHtum0jWL0Nsg0Q==</NODE_UUID>
    </_-IWBEP_-I_SBD_NOI>
    <_-IWBEP_-I_SBD_NOI>
     <PROJECT>ZCA_GW_ATTACHMENT</PROJECT>
     <NODE_UUID>AkxsvKpdHtum0jWL0NtA0Q==</NODE_UUID>
    </_-IWBEP_-I_SBD_NOI>
    <_-IWBEP_-I_SBD_NOI>
     <PROJECT>ZCA_GW_ATTACHMENT</PROJECT>
     <NODE_UUID>AkxsvKpdHtum0jWL0Ntg0Q==</NODE_UUID>
    </_-IWBEP_-I_SBD_NOI>
    <_-IWBEP_-I_SBD_NOI>
     <PROJECT>ZCA_GW_ATTACHMENT</PROJECT>
     <NODE_UUID>AkxsvKpdHtum0jWL0NuA0Q==</NODE_UUID>
    </_-IWBEP_-I_SBD_NOI>
    <_-IWBEP_-I_SBD_NOI>
     <PROJECT>ZCA_GW_ATTACHMENT</PROJECT>
     <NODE_UUID>AkxsvKpdHtum0jvdSzrg0Q==</NODE_UUID>
    </_-IWBEP_-I_SBD_NOI>
    <_-IWBEP_-I_SBD_NOI>
     <PROJECT>ZCA_GW_ATTACHMENT</PROJECT>
     <NODE_UUID>AkxsvKpdHtum0jvdSztA0Q==</NODE_UUID>
    </_-IWBEP_-I_SBD_NOI>
    <_-IWBEP_-I_SBD_NOI>
     <PROJECT>ZCA_GW_ATTACHMENT</PROJECT>
     <NODE_UUID>AkxsvKpdHtum0jvdSztg0Q==</NODE_UUID>
    </_-IWBEP_-I_SBD_NOI>
    <_-IWBEP_-I_SBD_NOI>
     <PROJECT>ZCA_GW_ATTACHMENT</PROJECT>
     <NODE_UUID>AkxsvKpdHtum0jvdSzuA0Q==</NODE_UUID>
    </_-IWBEP_-I_SBD_NOI>
    <_-IWBEP_-I_SBD_NOI>
     <PROJECT>ZCA_GW_ATTACHMENT</PROJECT>
     <NODE_UUID>AkxsvKpdHtum0jvdSzug0Q==</NODE_UUID>
    </_-IWBEP_-I_SBD_NOI>
    <_-IWBEP_-I_SBD_NOI>
     <PROJECT>ZCA_GW_ATTACHMENT</PROJECT>
     <NODE_UUID>AkxsvKpdHtum0jvdSzvA0Q==</NODE_UUID>
    </_-IWBEP_-I_SBD_NOI>
    <_-IWBEP_-I_SBD_NOI>
     <PROJECT>ZCA_GW_ATTACHMENT</PROJECT>
     <NODE_UUID>AkxsvKpdHtum0jvdSzvg0Q==</NODE_UUID>
    </_-IWBEP_-I_SBD_NOI>
    <_-IWBEP_-I_SBD_NOI>
     <PROJECT>ZCA_GW_ATTACHMENT</PROJECT>
     <NODE_UUID>AkxsvKpdHtum/2krvnIg0Q==</NODE_UUID>
    </_-IWBEP_-I_SBD_NOI>
    <_-IWBEP_-I_SBD_NOI>
     <PROJECT>ZCA_GW_ATTACHMENT</PROJECT>
     <NODE_UUID>AkxsvKpdHtum/2krvnJA0Q==</NODE_UUID>
    </_-IWBEP_-I_SBD_NOI>
    <_-IWBEP_-I_SBD_NOI>
     <PROJECT>ZCA_GW_ATTACHMENT</PROJECT>
     <NODE_UUID>AkxsvKpdHtum/2krvnJg0Q==</NODE_UUID>
    </_-IWBEP_-I_SBD_NOI>
    <_-IWBEP_-I_SBD_NOI>
     <PROJECT>ZCA_GW_ATTACHMENT</PROJECT>
     <NODE_UUID>AkxsvKpdHtum/2krvnKA0Q==</NODE_UUID>
    </_-IWBEP_-I_SBD_NOI>
    <_-IWBEP_-I_SBD_NOI>
     <PROJECT>ZCA_GW_ATTACHMENT</PROJECT>
     <NODE_UUID>AkxsvKpdHtum/2krvnKg0Q==</NODE_UUID>
    </_-IWBEP_-I_SBD_NOI>
    <_-IWBEP_-I_SBD_NOI>
     <PROJECT>ZCA_GW_ATTACHMENT</PROJECT>
     <NODE_UUID>AkxsvKpdHtum/2sql/Og0Q==</NODE_UUID>
    </_-IWBEP_-I_SBD_NOI>
    <_-IWBEP_-I_SBD_NOI>
     <PROJECT>ZCA_GW_ATTACHMENT</PROJECT>
     <NODE_UUID>AkxsvKpdHtum/3LgGwfg0Q==</NODE_UUID>
    </_-IWBEP_-I_SBD_NOI>
    <_-IWBEP_-I_SBD_NOI>
     <PROJECT>ZCA_GW_ATTACHMENT</PROJECT>
     <NODE_UUID>AkxsvKpdHtum/3LgGwgA0Q==</NODE_UUID>
    </_-IWBEP_-I_SBD_NOI>
    <_-IWBEP_-I_SBD_NOI>
     <PROJECT>ZCA_GW_ATTACHMENT</PROJECT>
     <NODE_UUID>AkxsvKpdHtum/3LgGwig0Q==</NODE_UUID>
    </_-IWBEP_-I_SBD_NOI>
    <_-IWBEP_-I_SBD_NOI>
     <PROJECT>ZCA_GW_ATTACHMENT</PROJECT>
     <NODE_UUID>AkxsvKpdHtum/3LgGwjA0Q==</NODE_UUID>
    </_-IWBEP_-I_SBD_NOI>
    <_-IWBEP_-I_SBD_NOI>
     <PROJECT>ZCA_GW_ATTACHMENT</PROJECT>
     <NODE_UUID>AkxsvKpdHtum/3LgGwjg0Q==</NODE_UUID>
    </_-IWBEP_-I_SBD_NOI>
    <_-IWBEP_-I_SBD_NOI>
     <PROJECT>ZCA_GW_ATTACHMENT</PROJECT>
     <NODE_UUID>AkxsvKpdHtum/3QxZDGA0Q==</NODE_UUID>
    </_-IWBEP_-I_SBD_NOI>
   </_-IWBEP_-I_SBD_NOI>
   <_-IWBEP_-I_SBD_OP>
    <_-IWBEP_-I_SBD_OP>
     <PROJECT>ZCA_GW_ATTACHMENT</PROJECT>
     <NODE_UUID>AkxsvKpdHtum0gIUyEdg0Q==</NODE_UUID>
     <PARENT_UUID>AkxsvKpdHtum0gIUyEdA0Q==</PARENT_UUID>
     <NAME>Create</NAME>
     <OPERATION_TYPE>C</OPERATION_TYPE>
     <IMP_METHOD>ATTACHKEYSET_CREATE_ENTITY</IMP_METHOD>
    </_-IWBEP_-I_SBD_OP>
    <_-IWBEP_-I_SBD_OP>
     <PROJECT>ZCA_GW_ATTACHMENT</PROJECT>
     <NODE_UUID>AkxsvKpdHtum0gIUyEeA0Q==</NODE_UUID>
     <PARENT_UUID>AkxsvKpdHtum0gIUyEdA0Q==</PARENT_UUID>
     <NAME>GetEntity (Read)</NAME>
     <OPERATION_TYPE>R</OPERATION_TYPE>
     <IMP_METHOD>ATTACHKEYSET_GET_ENTITY</IMP_METHOD>
    </_-IWBEP_-I_SBD_OP>
    <_-IWBEP_-I_SBD_OP>
     <PROJECT>ZCA_GW_ATTACHMENT</PROJECT>
     <NODE_UUID>AkxsvKpdHtum0gIUyEeg0Q==</NODE_UUID>
     <PARENT_UUID>AkxsvKpdHtum0gIUyEdA0Q==</PARENT_UUID>
     <NAME>Update</NAME>
     <OPERATION_TYPE>U</OPERATION_TYPE>
     <IMP_METHOD>ATTACHKEYSET_UPDATE_ENTITY</IMP_METHOD>
    </_-IWBEP_-I_SBD_OP>
    <_-IWBEP_-I_SBD_OP>
     <PROJECT>ZCA_GW_ATTACHMENT</PROJECT>
     <NODE_UUID>AkxsvKpdHtum0gIUyEfA0Q==</NODE_UUID>
     <PARENT_UUID>AkxsvKpdHtum0gIUyEdA0Q==</PARENT_UUID>
     <NAME>Delete</NAME>
     <OPERATION_TYPE>D</OPERATION_TYPE>
     <IMP_METHOD>ATTACHKEYSET_DELETE_ENTITY</IMP_METHOD>
    </_-IWBEP_-I_SBD_OP>
    <_-IWBEP_-I_SBD_OP>
     <PROJECT>ZCA_GW_ATTACHMENT</PROJECT>
     <NODE_UUID>AkxsvKpdHtum0gIUyEfg0Q==</NODE_UUID>
     <PARENT_UUID>AkxsvKpdHtum0gIUyEdA0Q==</PARENT_UUID>
     <NAME>GetEntitySet (Query)</NAME>
     <OPERATION_TYPE>Q</OPERATION_TYPE>
     <IMP_METHOD>ATTACHKEYSET_GET_ENTITYSET</IMP_METHOD>
    </_-IWBEP_-I_SBD_OP>
    <_-IWBEP_-I_SBD_OP>
     <PROJECT>ZCA_GW_ATTACHMENT</PROJECT>
     <NODE_UUID>AkxsvKpdHtum0hS7lz9g0Q==</NODE_UUID>
     <PARENT_UUID>AkxsvKpdHtum0hS7lz9A0Q==</PARENT_UUID>
     <NAME>Create</NAME>
     <OPERATION_TYPE>C</OPERATION_TYPE>
     <IMP_METHOD>ATTACHMENTSET_CREATE_ENTITY</IMP_METHOD>
    </_-IWBEP_-I_SBD_OP>
    <_-IWBEP_-I_SBD_OP>
     <PROJECT>ZCA_GW_ATTACHMENT</PROJECT>
     <NODE_UUID>AkxsvKpdHtum0hS7lz+A0Q==</NODE_UUID>
     <PARENT_UUID>AkxsvKpdHtum0hS7lz9A0Q==</PARENT_UUID>
     <NAME>GetEntity (Read)</NAME>
     <OPERATION_TYPE>R</OPERATION_TYPE>
     <IMP_METHOD>ATTACHMENTSET_GET_ENTITY</IMP_METHOD>
    </_-IWBEP_-I_SBD_OP>
    <_-IWBEP_-I_SBD_OP>
     <PROJECT>ZCA_GW_ATTACHMENT</PROJECT>
     <NODE_UUID>AkxsvKpdHtum0hS7lz+g0Q==</NODE_UUID>
     <PARENT_UUID>AkxsvKpdHtum0hS7lz9A0Q==</PARENT_UUID>
     <NAME>Update</NAME>
     <OPERATION_TYPE>U</OPERATION_TYPE>
     <IMP_METHOD>ATTACHMENTSET_UPDATE_ENTITY</IMP_METHOD>
    </_-IWBEP_-I_SBD_OP>
    <_-IWBEP_-I_SBD_OP>
     <PROJECT>ZCA_GW_ATTACHMENT</PROJECT>
     <NODE_UUID>AkxsvKpdHtum0hS7lz/A0Q==</NODE_UUID>
     <PARENT_UUID>AkxsvKpdHtum0hS7lz9A0Q==</PARENT_UUID>
     <NAME>Delete</NAME>
     <OPERATION_TYPE>D</OPERATION_TYPE>
     <IMP_METHOD>ATTACHMENTSET_DELETE_ENTITY</IMP_METHOD>
    </_-IWBEP_-I_SBD_OP>
    <_-IWBEP_-I_SBD_OP>
     <PROJECT>ZCA_GW_ATTACHMENT</PROJECT>
     <NODE_UUID>AkxsvKpdHtum0hS7lz/g0Q==</NODE_UUID>
     <PARENT_UUID>AkxsvKpdHtum0hS7lz9A0Q==</PARENT_UUID>
     <NAME>GetEntitySet (Query)</NAME>
     <OPERATION_TYPE>Q</OPERATION_TYPE>
     <IMP_METHOD>ATTACHMENTSET_GET_ENTITYSET</IMP_METHOD>
    </_-IWBEP_-I_SBD_OP>
    <_-IWBEP_-I_SBD_OP>
     <PROJECT>ZCA_GW_ATTACHMENT</PROJECT>
     <NODE_UUID>AkxsvKpdHtum0jWL0NsA0Q==</NODE_UUID>
     <PARENT_UUID>AkxsvKpdHtum0jWL0Nrg0Q==</PARENT_UUID>
     <NAME>Create</NAME>
     <OPERATION_TYPE>C</OPERATION_TYPE>
     <IMP_METHOD>COMMENTSET_CREATE_ENTITY</IMP_METHOD>
    </_-IWBEP_-I_SBD_OP>
    <_-IWBEP_-I_SBD_OP>
     <PROJECT>ZCA_GW_ATTACHMENT</PROJECT>
     <NODE_UUID>AkxsvKpdHtum0jWL0Nsg0Q==</NODE_UUID>
     <PARENT_UUID>AkxsvKpdHtum0jWL0Nrg0Q==</PARENT_UUID>
     <NAME>GetEntity (Read)</NAME>
     <OPERATION_TYPE>R</OPERATION_TYPE>
     <IMP_METHOD>COMMENTSET_GET_ENTITY</IMP_METHOD>
    </_-IWBEP_-I_SBD_OP>
    <_-IWBEP_-I_SBD_OP>
     <PROJECT>ZCA_GW_ATTACHMENT</PROJECT>
     <NODE_UUID>AkxsvKpdHtum0jWL0NtA0Q==</NODE_UUID>
     <PARENT_UUID>AkxsvKpdHtum0jWL0Nrg0Q==</PARENT_UUID>
     <NAME>Update</NAME>
     <OPERATION_TYPE>U</OPERATION_TYPE>
     <IMP_METHOD>COMMENTSET_UPDATE_ENTITY</IMP_METHOD>
    </_-IWBEP_-I_SBD_OP>
    <_-IWBEP_-I_SBD_OP>
     <PROJECT>ZCA_GW_ATTACHMENT</PROJECT>
     <NODE_UUID>AkxsvKpdHtum0jWL0Ntg0Q==</NODE_UUID>
     <PARENT_UUID>AkxsvKpdHtum0jWL0Nrg0Q==</PARENT_UUID>
     <NAME>Delete</NAME>
     <OPERATION_TYPE>D</OPERATION_TYPE>
     <IMP_METHOD>COMMENTSET_DELETE_ENTITY</IMP_METHOD>
    </_-IWBEP_-I_SBD_OP>
    <_-IWBEP_-I_SBD_OP>
     <PROJECT>ZCA_GW_ATTACHMENT</PROJECT>
     <NODE_UUID>AkxsvKpdHtum0jWL0NuA0Q==</NODE_UUID>
     <PARENT_UUID>AkxsvKpdHtum0jWL0Nrg0Q==</PARENT_UUID>
     <NAME>GetEntitySet (Query)</NAME>
     <OPERATION_TYPE>Q</OPERATION_TYPE>
     <IMP_METHOD>COMMENTSET_GET_ENTITYSET</IMP_METHOD>
    </_-IWBEP_-I_SBD_OP>
   </_-IWBEP_-I_SBD_OP>
   <_-IWBEP_-I_SBD_OPT>
    <_-IWBEP_-I_SBD_OPT>
     <SYLANGU>E</SYLANGU>
     <PROJECT>ZCA_GW_ATTACHMENT</PROJECT>
     <NODE_UUID>AkxsvKpdHtum0gIUyEdg0Q==</NODE_UUID>
    </_-IWBEP_-I_SBD_OPT>
    <_-IWBEP_-I_SBD_OPT>
     <SYLANGU>E</SYLANGU>
     <PROJECT>ZCA_GW_ATTACHMENT</PROJECT>
     <NODE_UUID>AkxsvKpdHtum0gIUyEeA0Q==</NODE_UUID>
    </_-IWBEP_-I_SBD_OPT>
    <_-IWBEP_-I_SBD_OPT>
     <SYLANGU>E</SYLANGU>
     <PROJECT>ZCA_GW_ATTACHMENT</PROJECT>
     <NODE_UUID>AkxsvKpdHtum0gIUyEeg0Q==</NODE_UUID>
    </_-IWBEP_-I_SBD_OPT>
    <_-IWBEP_-I_SBD_OPT>
     <SYLANGU>E</SYLANGU>
     <PROJECT>ZCA_GW_ATTACHMENT</PROJECT>
     <NODE_UUID>AkxsvKpdHtum0gIUyEfA0Q==</NODE_UUID>
    </_-IWBEP_-I_SBD_OPT>
    <_-IWBEP_-I_SBD_OPT>
     <SYLANGU>E</SYLANGU>
     <PROJECT>ZCA_GW_ATTACHMENT</PROJECT>
     <NODE_UUID>AkxsvKpdHtum0gIUyEfg0Q==</NODE_UUID>
    </_-IWBEP_-I_SBD_OPT>
    <_-IWBEP_-I_SBD_OPT>
     <SYLANGU>E</SYLANGU>
     <PROJECT>ZCA_GW_ATTACHMENT</PROJECT>
     <NODE_UUID>AkxsvKpdHtum0hS7lz9g0Q==</NODE_UUID>
    </_-IWBEP_-I_SBD_OPT>
    <_-IWBEP_-I_SBD_OPT>
     <SYLANGU>E</SYLANGU>
     <PROJECT>ZCA_GW_ATTACHMENT</PROJECT>
     <NODE_UUID>AkxsvKpdHtum0hS7lz+A0Q==</NODE_UUID>
    </_-IWBEP_-I_SBD_OPT>
    <_-IWBEP_-I_SBD_OPT>
     <SYLANGU>E</SYLANGU>
     <PROJECT>ZCA_GW_ATTACHMENT</PROJECT>
     <NODE_UUID>AkxsvKpdHtum0hS7lz+g0Q==</NODE_UUID>
    </_-IWBEP_-I_SBD_OPT>
    <_-IWBEP_-I_SBD_OPT>
     <SYLANGU>E</SYLANGU>
     <PROJECT>ZCA_GW_ATTACHMENT</PROJECT>
     <NODE_UUID>AkxsvKpdHtum0hS7lz/A0Q==</NODE_UUID>
    </_-IWBEP_-I_SBD_OPT>
    <_-IWBEP_-I_SBD_OPT>
     <SYLANGU>E</SYLANGU>
     <PROJECT>ZCA_GW_ATTACHMENT</PROJECT>
     <NODE_UUID>AkxsvKpdHtum0hS7lz/g0Q==</NODE_UUID>
    </_-IWBEP_-I_SBD_OPT>
    <_-IWBEP_-I_SBD_OPT>
     <SYLANGU>E</SYLANGU>
     <PROJECT>ZCA_GW_ATTACHMENT</PROJECT>
     <NODE_UUID>AkxsvKpdHtum0jWL0NsA0Q==</NODE_UUID>
    </_-IWBEP_-I_SBD_OPT>
    <_-IWBEP_-I_SBD_OPT>
     <SYLANGU>E</SYLANGU>
     <PROJECT>ZCA_GW_ATTACHMENT</PROJECT>
     <NODE_UUID>AkxsvKpdHtum0jWL0Nsg0Q==</NODE_UUID>
    </_-IWBEP_-I_SBD_OPT>
    <_-IWBEP_-I_SBD_OPT>
     <SYLANGU>E</SYLANGU>
     <PROJECT>ZCA_GW_ATTACHMENT</PROJECT>
     <NODE_UUID>AkxsvKpdHtum0jWL0NtA0Q==</NODE_UUID>
    </_-IWBEP_-I_SBD_OPT>
    <_-IWBEP_-I_SBD_OPT>
     <SYLANGU>E</SYLANGU>
     <PROJECT>ZCA_GW_ATTACHMENT</PROJECT>
     <NODE_UUID>AkxsvKpdHtum0jWL0Ntg0Q==</NODE_UUID>
    </_-IWBEP_-I_SBD_OPT>
    <_-IWBEP_-I_SBD_OPT>
     <SYLANGU>E</SYLANGU>
     <PROJECT>ZCA_GW_ATTACHMENT</PROJECT>
     <NODE_UUID>AkxsvKpdHtum0jWL0NuA0Q==</NODE_UUID>
    </_-IWBEP_-I_SBD_OPT>
   </_-IWBEP_-I_SBD_OPT>
   <_-IWBEP_-I_SBD_PR>
    <_-IWBEP_-I_SBD_PR>
     <PROJECT>ZCA_GW_ATTACHMENT</PROJECT>
     <NODE_UUID>AkxsvKpdHtum0f1n9Q0A0Q==</NODE_UUID>
     <CREATION_USER_ID>SAUP164</CREATION_USER_ID>
     <CREATION_TIME>20210411063504.275546</CREATION_TIME>
     <LAST_CHG_USER_ID>SAUP164</LAST_CHG_USER_ID>
     <LAST_CHG_TIME>20210415020511.063021</LAST_CHG_TIME>
     <LAST_CHG_STATE>AkxsvKpdHtunsdvlmWiA0Q==</LAST_CHG_STATE>
     <PLUGIN>/IWBEP/GEN</PLUGIN>
     <STRAT_NAME>0001</STRAT_NAME>
     <STRAT_VERSION>0001</STRAT_VERSION>
     <PROJECT_TYPE>1</PROJECT_TYPE>
    </_-IWBEP_-I_SBD_PR>
   </_-IWBEP_-I_SBD_PR>
   <_-IWBEP_-I_SBD_PRT>
    <_-IWBEP_-I_SBD_PRT>
     <PROJECT>ZCA_GW_ATTACHMENT</PROJECT>
     <SYLANGU>E</SYLANGU>
     <DESCRIPTION>Attachment &amp; Comment Service</DESCRIPTION>
    </_-IWBEP_-I_SBD_PRT>
   </_-IWBEP_-I_SBD_PRT>
   <_-IWBEP_-I_SBD_SE>
    <_-IWBEP_-I_SBD_SE>
     <PROJECT>ZCA_GW_ATTACHMENT</PROJECT>
     <NODE_UUID>AkxsvKpdHtum0gIUyEdA0Q==</NODE_UUID>
     <PARENT_UUID>AkxsvKpdHtum0f1n9Q1A0Q==</PARENT_UUID>
     <NAME>AttachKeySet</NAME>
     <ENTITY_SET_UUID>AkxsvKpdHtum0gIUyEcg0Q==</ENTITY_SET_UUID>
    </_-IWBEP_-I_SBD_SE>
    <_-IWBEP_-I_SBD_SE>
     <PROJECT>ZCA_GW_ATTACHMENT</PROJECT>
     <NODE_UUID>AkxsvKpdHtum0hS7lz9A0Q==</NODE_UUID>
     <PARENT_UUID>AkxsvKpdHtum0f1n9Q1A0Q==</PARENT_UUID>
     <NAME>AttachmentSet</NAME>
     <ENTITY_SET_UUID>AkxsvKpdHtum0hS7lz8g0Q==</ENTITY_SET_UUID>
    </_-IWBEP_-I_SBD_SE>
    <_-IWBEP_-I_SBD_SE>
     <PROJECT>ZCA_GW_ATTACHMENT</PROJECT>
     <NODE_UUID>AkxsvKpdHtum0jWL0Nrg0Q==</NODE_UUID>
     <PARENT_UUID>AkxsvKpdHtum0f1n9Q1A0Q==</PARENT_UUID>
     <NAME>CommentSet</NAME>
     <ENTITY_SET_UUID>AkxsvKpdHtum0jWL0NrA0Q==</ENTITY_SET_UUID>
    </_-IWBEP_-I_SBD_SE>
   </_-IWBEP_-I_SBD_SE>
   <_-IWBEP_-I_SBD_SET>
    <_-IWBEP_-I_SBD_SET>
     <SYLANGU>E</SYLANGU>
     <PROJECT>ZCA_GW_ATTACHMENT</PROJECT>
     <NODE_UUID>AkxsvKpdHtum0gIUyEdA0Q==</NODE_UUID>
    </_-IWBEP_-I_SBD_SET>
    <_-IWBEP_-I_SBD_SET>
     <SYLANGU>E</SYLANGU>
     <PROJECT>ZCA_GW_ATTACHMENT</PROJECT>
     <NODE_UUID>AkxsvKpdHtum0hS7lz9A0Q==</NODE_UUID>
    </_-IWBEP_-I_SBD_SET>
    <_-IWBEP_-I_SBD_SET>
     <SYLANGU>E</SYLANGU>
     <PROJECT>ZCA_GW_ATTACHMENT</PROJECT>
     <NODE_UUID>AkxsvKpdHtum0jWL0Nrg0Q==</NODE_UUID>
    </_-IWBEP_-I_SBD_SET>
   </_-IWBEP_-I_SBD_SET>
   <_-IWBEP_-I_SBD_SV>
    <_-IWBEP_-I_SBD_SV>
     <PROJECT>ZCA_GW_ATTACHMENT</PROJECT>
     <NODE_UUID>AkxsvKpdHtum0f1n9Q1A0Q==</NODE_UUID>
     <TECHNICAL_NAME>ZCA_GW_ATTACHMENT_SRV</TECHNICAL_NAME>
     <VERSION>0001</VERSION>
     <DPC>ZCL_ZCA_GW_ATTACHMENT_DPC_EXT</DPC>
     <EXTERNAL_NAME>ZCA_GW_ATTACHMENT_SRV</EXTERNAL_NAME>
    </_-IWBEP_-I_SBD_SV>
   </_-IWBEP_-I_SBD_SV>
   <_-IWBEP_-I_SBD_SVT>
    <_-IWBEP_-I_SBD_SVT>
     <SYLANGU>E</SYLANGU>
     <PROJECT>ZCA_GW_ATTACHMENT</PROJECT>
     <NODE_UUID>AkxsvKpdHtum0f1n9Q1A0Q==</NODE_UUID>
    </_-IWBEP_-I_SBD_SVT>
   </_-IWBEP_-I_SBD_SVT>
   <_-IWBEP_-I_SBO_ASO>
    <_-IWBEP_-I_SBO_ASO>
     <PROJECT>ZCA_GW_ATTACHMENT</PROJECT>
     <NODE_UUID>AkxsvKpdHtum/2krvnIg0Q==</NODE_UUID>
     <NAME>ToAttachment</NAME>
     <MODEL_GUID>AkxsvKpdHtum0f1n9Q0g0Q==</MODEL_GUID>
     <LEFT_END_GUID>AkxsvKpdHtum0gIUyEag0Q==</LEFT_END_GUID>
     <RIGHT_END_GUID>AkxsvKpdHtum0hS7lz3A0Q==</RIGHT_END_GUID>
     <LEFT_END_CARD>1</LEFT_END_CARD>
     <RIGHT_END_CARD>M</RIGHT_END_CARD>
     <REF_TYPE>T</REF_TYPE>
     <TXTR_XU>X</TXTR_XU>
     <DESCRIPTION_XU>X</DESCRIPTION_XU>
     <ASSOC_LABEL_XU>X</ASSOC_LABEL_XU>
    </_-IWBEP_-I_SBO_ASO>
    <_-IWBEP_-I_SBO_ASO>
     <PROJECT>ZCA_GW_ATTACHMENT</PROJECT>
     <NODE_UUID>AkxsvKpdHtum/3LgGwfg0Q==</NODE_UUID>
     <NAME>ToComment</NAME>
     <MODEL_GUID>AkxsvKpdHtum0f1n9Q0g0Q==</MODEL_GUID>
     <LEFT_END_GUID>AkxsvKpdHtum0gIUyEag0Q==</LEFT_END_GUID>
     <RIGHT_END_GUID>AkxsvKpdHtum0jWL0Nmg0Q==</RIGHT_END_GUID>
     <LEFT_END_CARD>1</LEFT_END_CARD>
     <RIGHT_END_CARD>M</RIGHT_END_CARD>
     <REF_TYPE>T</REF_TYPE>
     <TXTR_XU>X</TXTR_XU>
     <DESCRIPTION_XU>X</DESCRIPTION_XU>
     <ASSOC_LABEL_XU>X</ASSOC_LABEL_XU>
    </_-IWBEP_-I_SBO_ASO>
   </_-IWBEP_-I_SBO_ASO>
   <_-IWBEP_-I_SBO_AST>
    <_-IWBEP_-I_SBO_AST>
     <SYLANGU>E</SYLANGU>
     <PROJECT>ZCA_GW_ATTACHMENT</PROJECT>
     <NODE_UUID>AkxsvKpdHtum/2krvnIg0Q==</NODE_UUID>
    </_-IWBEP_-I_SBO_AST>
    <_-IWBEP_-I_SBO_AST>
     <SYLANGU>E</SYLANGU>
     <PROJECT>ZCA_GW_ATTACHMENT</PROJECT>
     <NODE_UUID>AkxsvKpdHtum/3LgGwfg0Q==</NODE_UUID>
    </_-IWBEP_-I_SBO_AST>
   </_-IWBEP_-I_SBO_AST>
   <_-IWBEP_-I_SBO_AT>
    <_-IWBEP_-I_SBO_AT>
     <PROJECT>ZCA_GW_ATTACHMENT</PROJECT>
     <NODE_UUID>AkxsvKpdHtum/2sql/Og0Q==</NODE_UUID>
     <NAME>ToAttachmentSet</NAME>
     <MODEL_GUID>AkxsvKpdHtum0f1n9Q0g0Q==</MODEL_GUID>
     <LEFT_END_GUID>AkxsvKpdHtum0gIUyEcg0Q==</LEFT_END_GUID>
     <RIGHT_END_GUID>AkxsvKpdHtum0hS7lz8g0Q==</RIGHT_END_GUID>
     <ASSOCIATION_GUID>AkxsvKpdHtum/2krvnIg0Q==</ASSOCIATION_GUID>
     <REF_TYPE>T</REF_TYPE>
     <TXTR_XU>X</TXTR_XU>
     <DESCRIPTION_XU>X</DESCRIPTION_XU>
     <ASST_LABEL_XU>X</ASST_LABEL_XU>
    </_-IWBEP_-I_SBO_AT>
    <_-IWBEP_-I_SBO_AT>
     <PROJECT>ZCA_GW_ATTACHMENT</PROJECT>
     <NODE_UUID>AkxsvKpdHtum/3QxZDGA0Q==</NODE_UUID>
     <NAME>ToCommentSet</NAME>
     <MODEL_GUID>AkxsvKpdHtum0f1n9Q0g0Q==</MODEL_GUID>
     <LEFT_END_GUID>AkxsvKpdHtum0gIUyEcg0Q==</LEFT_END_GUID>
     <RIGHT_END_GUID>AkxsvKpdHtum0jWL0NrA0Q==</RIGHT_END_GUID>
     <ASSOCIATION_GUID>AkxsvKpdHtum/3LgGwfg0Q==</ASSOCIATION_GUID>
     <REF_TYPE>T</REF_TYPE>
     <TXTR_XU>X</TXTR_XU>
     <DESCRIPTION_XU>X</DESCRIPTION_XU>
     <ASST_LABEL_XU>X</ASST_LABEL_XU>
    </_-IWBEP_-I_SBO_AT>
   </_-IWBEP_-I_SBO_AT>
   <_-IWBEP_-I_SBO_ATT>
    <_-IWBEP_-I_SBO_ATT>
     <SYLANGU>E</SYLANGU>
     <PROJECT>ZCA_GW_ATTACHMENT</PROJECT>
     <NODE_UUID>AkxsvKpdHtum/2sql/Og0Q==</NODE_UUID>
    </_-IWBEP_-I_SBO_ATT>
    <_-IWBEP_-I_SBO_ATT>
     <SYLANGU>E</SYLANGU>
     <PROJECT>ZCA_GW_ATTACHMENT</PROJECT>
     <NODE_UUID>AkxsvKpdHtum/3QxZDGA0Q==</NODE_UUID>
    </_-IWBEP_-I_SBO_ATT>
   </_-IWBEP_-I_SBO_ATT>
   <_-IWBEP_-I_SBO_ES>
    <_-IWBEP_-I_SBO_ES>
     <PROJECT>ZCA_GW_ATTACHMENT</PROJECT>
     <NODE_UUID>AkxsvKpdHtum0gIUyEcg0Q==</NODE_UUID>
     <MODEL>AkxsvKpdHtum0f1n9Q0g0Q==</MODEL>
     <NAME>AttachKeySet</NAME>
     <ENTITY_TYPE>AkxsvKpdHtum0gIUyEag0Q==</ENTITY_TYPE>
     <ADDRESSABLE>X</ADDRESSABLE>
     <REF_TYPE>T</REF_TYPE>
     <TECH_NAME>ATTACHKEYSET</TECH_NAME>
     <CREATABLE_XU>X</CREATABLE_XU>
     <UPDATABLE_XU>X</UPDATABLE_XU>
     <DELETABLE_XU>X</DELETABLE_XU>
     <PAGEABLE_XU>X</PAGEABLE_XU>
     <SEARCHABLE_XU>X</SEARCHABLE_XU>
     <SUBSCRIBABLE_XU>X</SUBSCRIBABLE_XU>
     <REQUIRES_FLT_XU>X</REQUIRES_FLT_XU>
     <SEMANTIC_XU>X</SEMANTIC_XU>
     <LABEL_REF_XU>X</LABEL_REF_XU>
     <DESCRIPTION_XU>X</DESCRIPTION_XU>
     <ESET_LABEL_XU>X</ESET_LABEL_XU>
     <IN_SERV_DOCU>X</IN_SERV_DOCU>
    </_-IWBEP_-I_SBO_ES>
    <_-IWBEP_-I_SBO_ES>
     <PROJECT>ZCA_GW_ATTACHMENT</PROJECT>
     <NODE_UUID>AkxsvKpdHtum0hS7lz8g0Q==</NODE_UUID>
     <MODEL>AkxsvKpdHtum0f1n9Q0g0Q==</MODEL>
     <NAME>AttachmentSet</NAME>
     <ENTITY_TYPE>AkxsvKpdHtum0hS7lz3A0Q==</ENTITY_TYPE>
     <ADDRESSABLE>X</ADDRESSABLE>
     <REF_TYPE>T</REF_TYPE>
     <TECH_NAME>ATTACHMENTSET</TECH_NAME>
     <CREATABLE_XU>X</CREATABLE_XU>
     <UPDATABLE_XU>X</UPDATABLE_XU>
     <DELETABLE_XU>X</DELETABLE_XU>
     <PAGEABLE_XU>X</PAGEABLE_XU>
     <SEARCHABLE_XU>X</SEARCHABLE_XU>
     <SUBSCRIBABLE_XU>X</SUBSCRIBABLE_XU>
     <REQUIRES_FLT_XU>X</REQUIRES_FLT_XU>
     <SEMANTIC_XU>X</SEMANTIC_XU>
     <LABEL_REF_XU>X</LABEL_REF_XU>
     <DESCRIPTION_XU>X</DESCRIPTION_XU>
     <ESET_LABEL_XU>X</ESET_LABEL_XU>
     <IN_SERV_DOCU>X</IN_SERV_DOCU>
    </_-IWBEP_-I_SBO_ES>
    <_-IWBEP_-I_SBO_ES>
     <PROJECT>ZCA_GW_ATTACHMENT</PROJECT>
     <NODE_UUID>AkxsvKpdHtum0jWL0NrA0Q==</NODE_UUID>
     <MODEL>AkxsvKpdHtum0f1n9Q0g0Q==</MODEL>
     <NAME>CommentSet</NAME>
     <ENTITY_TYPE>AkxsvKpdHtum0jWL0Nmg0Q==</ENTITY_TYPE>
     <ADDRESSABLE>X</ADDRESSABLE>
     <REF_TYPE>T</REF_TYPE>
     <TECH_NAME>COMMENTSET</TECH_NAME>
     <CREATABLE_XU>X</CREATABLE_XU>
     <UPDATABLE_XU>X</UPDATABLE_XU>
     <DELETABLE_XU>X</DELETABLE_XU>
     <PAGEABLE_XU>X</PAGEABLE_XU>
     <SEARCHABLE_XU>X</SEARCHABLE_XU>
     <SUBSCRIBABLE_XU>X</SUBSCRIBABLE_XU>
     <REQUIRES_FLT_XU>X</REQUIRES_FLT_XU>
     <SEMANTIC_XU>X</SEMANTIC_XU>
     <LABEL_REF_XU>X</LABEL_REF_XU>
     <DESCRIPTION_XU>X</DESCRIPTION_XU>
     <ESET_LABEL_XU>X</ESET_LABEL_XU>
     <IN_SERV_DOCU>X</IN_SERV_DOCU>
    </_-IWBEP_-I_SBO_ES>
   </_-IWBEP_-I_SBO_ES>
   <_-IWBEP_-I_SBO_EST>
    <_-IWBEP_-I_SBO_EST>
     <SYLANGU>E</SYLANGU>
     <PROJECT>ZCA_GW_ATTACHMENT</PROJECT>
     <NODE_UUID>AkxsvKpdHtum0gIUyEcg0Q==</NODE_UUID>
    </_-IWBEP_-I_SBO_EST>
    <_-IWBEP_-I_SBO_EST>
     <SYLANGU>E</SYLANGU>
     <PROJECT>ZCA_GW_ATTACHMENT</PROJECT>
     <NODE_UUID>AkxsvKpdHtum0hS7lz8g0Q==</NODE_UUID>
    </_-IWBEP_-I_SBO_EST>
    <_-IWBEP_-I_SBO_EST>
     <SYLANGU>E</SYLANGU>
     <PROJECT>ZCA_GW_ATTACHMENT</PROJECT>
     <NODE_UUID>AkxsvKpdHtum0jWL0NrA0Q==</NODE_UUID>
    </_-IWBEP_-I_SBO_EST>
   </_-IWBEP_-I_SBO_EST>
   <_-IWBEP_-I_SBO_ET>
    <_-IWBEP_-I_SBO_ET>
     <PROJECT>ZCA_GW_ATTACHMENT</PROJECT>
     <NODE_UUID>AkxsvKpdHtum0gIUyEag0Q==</NODE_UUID>
     <NAME>AttachKey</NAME>
     <MODEL>AkxsvKpdHtum0f1n9Q0g0Q==</MODEL>
     <REF_TYPE>T</REF_TYPE>
     <ABAP_STRUCT>ZCA_S_ATTACHMENT_KEY</ABAP_STRUCT>
     <TECH_NAME>ATTACHKEY</TECH_NAME>
     <BASE_TYPE_XU>X</BASE_TYPE_XU>
     <FC_TARGET_PATHXU>X</FC_TARGET_PATHXU>
     <TXTR_XU>X</TXTR_XU>
     <DESCRIPTION_XU>X</DESCRIPTION_XU>
     <ET_LABEL_XU>X</ET_LABEL_XU>
    </_-IWBEP_-I_SBO_ET>
    <_-IWBEP_-I_SBO_ET>
     <PROJECT>ZCA_GW_ATTACHMENT</PROJECT>
     <NODE_UUID>AkxsvKpdHtum0hS7lz3A0Q==</NODE_UUID>
     <NAME>Attachment</NAME>
     <IS_MEDIA>X</IS_MEDIA>
     <MODEL>AkxsvKpdHtum0f1n9Q0g0Q==</MODEL>
     <REF_TYPE>T</REF_TYPE>
     <ABAP_STRUCT>ZCA_S_ATTACHMENT_SRV</ABAP_STRUCT>
     <TECH_NAME>ATTACHMENT</TECH_NAME>
     <DESCRIPTION_XU>X</DESCRIPTION_XU>
    </_-IWBEP_-I_SBO_ET>
    <_-IWBEP_-I_SBO_ET>
     <PROJECT>ZCA_GW_ATTACHMENT</PROJECT>
     <NODE_UUID>AkxsvKpdHtum0jWL0Nmg0Q==</NODE_UUID>
     <NAME>Comment</NAME>
     <MODEL>AkxsvKpdHtum0f1n9Q0g0Q==</MODEL>
     <REF_TYPE>T</REF_TYPE>
     <ABAP_STRUCT>ZCA_S_COMMENT_SRV</ABAP_STRUCT>
     <TECH_NAME>COMMENT</TECH_NAME>
     <BASE_TYPE_XU>X</BASE_TYPE_XU>
     <FC_TARGET_PATHXU>X</FC_TARGET_PATHXU>
     <TXTR_XU>X</TXTR_XU>
     <DESCRIPTION_XU>X</DESCRIPTION_XU>
     <ET_LABEL_XU>X</ET_LABEL_XU>
    </_-IWBEP_-I_SBO_ET>
   </_-IWBEP_-I_SBO_ET>
   <_-IWBEP_-I_SBO_ETT>
    <_-IWBEP_-I_SBO_ETT>
     <SYLANGU>E</SYLANGU>
     <PROJECT>ZCA_GW_ATTACHMENT</PROJECT>
     <NODE_UUID>AkxsvKpdHtum0gIUyEag0Q==</NODE_UUID>
    </_-IWBEP_-I_SBO_ETT>
    <_-IWBEP_-I_SBO_ETT>
     <SYLANGU>E</SYLANGU>
     <PROJECT>ZCA_GW_ATTACHMENT</PROJECT>
     <NODE_UUID>AkxsvKpdHtum0hS7lz3A0Q==</NODE_UUID>
    </_-IWBEP_-I_SBO_ETT>
    <_-IWBEP_-I_SBO_ETT>
     <SYLANGU>E</SYLANGU>
     <PROJECT>ZCA_GW_ATTACHMENT</PROJECT>
     <NODE_UUID>AkxsvKpdHtum0jWL0Nmg0Q==</NODE_UUID>
    </_-IWBEP_-I_SBO_ETT>
   </_-IWBEP_-I_SBO_ETT>
   <_-IWBEP_-I_SBO_NP>
    <_-IWBEP_-I_SBO_NP>
     <PROJECT>ZCA_GW_ATTACHMENT</PROJECT>
     <NODE_UUID>AkxsvKpdHtum/2krvnJA0Q==</NODE_UUID>
     <NAME>AttachmentSet</NAME>
     <RELATION_GUID>AkxsvKpdHtum/2krvnIg0Q==</RELATION_GUID>
     <ENTITY_GUID>AkxsvKpdHtum0gIUyEag0Q==</ENTITY_GUID>
     <REF_TYPE>T</REF_TYPE>
     <TECH_NAME>ATTACHMENTSET</TECH_NAME>
     <FROM_ROLE_XU>X</FROM_ROLE_XU>
     <TO_ROLE_XU>X</TO_ROLE_XU>
     <TXTR_XU>X</TXTR_XU>
     <DESCRIPTION_XU>X</DESCRIPTION_XU>
     <NAVP_LABEL_XU>X</NAVP_LABEL_XU>
    </_-IWBEP_-I_SBO_NP>
    <_-IWBEP_-I_SBO_NP>
     <PROJECT>ZCA_GW_ATTACHMENT</PROJECT>
     <NODE_UUID>AkxsvKpdHtum/3LgGwgA0Q==</NODE_UUID>
     <NAME>CommentSet</NAME>
     <RELATION_GUID>AkxsvKpdHtum/3LgGwfg0Q==</RELATION_GUID>
     <ENTITY_GUID>AkxsvKpdHtum0gIUyEag0Q==</ENTITY_GUID>
     <REF_TYPE>T</REF_TYPE>
     <TECH_NAME>COMMENTSET</TECH_NAME>
     <FROM_ROLE_XU>X</FROM_ROLE_XU>
     <TO_ROLE_XU>X</TO_ROLE_XU>
     <TXTR_XU>X</TXTR_XU>
     <DESCRIPTION_XU>X</DESCRIPTION_XU>
     <NAVP_LABEL_XU>X</NAVP_LABEL_XU>
    </_-IWBEP_-I_SBO_NP>
   </_-IWBEP_-I_SBO_NP>
   <_-IWBEP_-I_SBO_NPT>
    <_-IWBEP_-I_SBO_NPT>
     <SYLANGU>E</SYLANGU>
     <PROJECT>ZCA_GW_ATTACHMENT</PROJECT>
     <NODE_UUID>AkxsvKpdHtum/2krvnJA0Q==</NODE_UUID>
    </_-IWBEP_-I_SBO_NPT>
    <_-IWBEP_-I_SBO_NPT>
     <SYLANGU>E</SYLANGU>
     <PROJECT>ZCA_GW_ATTACHMENT</PROJECT>
     <NODE_UUID>AkxsvKpdHtum/3LgGwgA0Q==</NODE_UUID>
    </_-IWBEP_-I_SBO_NPT>
   </_-IWBEP_-I_SBO_NPT>
   <_-IWBEP_-I_SBO_PR>
    <_-IWBEP_-I_SBO_PR>
     <PROJECT>ZCA_GW_ATTACHMENT</PROJECT>
     <NODE_UUID>AkxsvKpdHtum0gIUyEbA0Q==</NODE_UUID>
     <PARENT_UUID>AkxsvKpdHtum0gIUyEag0Q==</PARENT_UUID>
     <NAME>InstanceID</NAME>
     <IS_KEY>X</IS_KEY>
     <MAX_LENGTH>70</MAX_LENGTH>
     <EDM_CORE_TYPE>Edm.String</EDM_CORE_TYPE>
     <REF_TYPE>T</REF_TYPE>
     <ABAP_FIELD>INSTANCEID</ABAP_FIELD>
     <AS_ETAG_XU>X</AS_ETAG_XU>
     <REQUIREFILTER_XU>X</REQUIREFILTER_XU>
     <UNIT_PROP_XU>X</UNIT_PROP_XU>
     <ABTY_XU>X</ABTY_XU>
     <SORT_ORDER>1</SORT_ORDER>
     <DESCRIPTION_XU>X</DESCRIPTION_XU>
    </_-IWBEP_-I_SBO_PR>
    <_-IWBEP_-I_SBO_PR>
     <PROJECT>ZCA_GW_ATTACHMENT</PROJECT>
     <NODE_UUID>AkxsvKpdHtum0gIUyEbg0Q==</NODE_UUID>
     <PARENT_UUID>AkxsvKpdHtum0gIUyEag0Q==</PARENT_UUID>
     <NAME>TypeID</NAME>
     <IS_KEY>X</IS_KEY>
     <MAX_LENGTH>32</MAX_LENGTH>
     <EDM_CORE_TYPE>Edm.String</EDM_CORE_TYPE>
     <REF_TYPE>T</REF_TYPE>
     <ABAP_FIELD>TYPEID</ABAP_FIELD>
     <AS_ETAG_XU>X</AS_ETAG_XU>
     <REQUIREFILTER_XU>X</REQUIREFILTER_XU>
     <UNIT_PROP_XU>X</UNIT_PROP_XU>
     <ABTY_XU>X</ABTY_XU>
     <SORT_ORDER>2</SORT_ORDER>
     <DESCRIPTION_XU>X</DESCRIPTION_XU>
    </_-IWBEP_-I_SBO_PR>
    <_-IWBEP_-I_SBO_PR>
     <PROJECT>ZCA_GW_ATTACHMENT</PROJECT>
     <NODE_UUID>AkxsvKpdHtum0gIUyEcA0Q==</NODE_UUID>
     <PARENT_UUID>AkxsvKpdHtum0gIUyEag0Q==</PARENT_UUID>
     <NAME>CategoryID</NAME>
     <IS_KEY>X</IS_KEY>
     <MAX_LENGTH>2</MAX_LENGTH>
     <EDM_CORE_TYPE>Edm.String</EDM_CORE_TYPE>
     <REF_TYPE>T</REF_TYPE>
     <ABAP_FIELD>CATID</ABAP_FIELD>
     <AS_ETAG_XU>X</AS_ETAG_XU>
     <REQUIREFILTER_XU>X</REQUIREFILTER_XU>
     <UNIT_PROP_XU>X</UNIT_PROP_XU>
     <ABTY_XU>X</ABTY_XU>
     <SORT_ORDER>3</SORT_ORDER>
     <DESCRIPTION_XU>X</DESCRIPTION_XU>
    </_-IWBEP_-I_SBO_PR>
    <_-IWBEP_-I_SBO_PR>
     <PROJECT>ZCA_GW_ATTACHMENT</PROJECT>
     <NODE_UUID>AkxsvKpdHtum0hS7lz3g0Q==</NODE_UUID>
     <PARENT_UUID>AkxsvKpdHtum0hS7lz3A0Q==</PARENT_UUID>
     <NAME>InstanceID</NAME>
     <IS_KEY>X</IS_KEY>
     <MAX_LENGTH>70</MAX_LENGTH>
     <EDM_CORE_TYPE>Edm.String</EDM_CORE_TYPE>
     <REF_TYPE>T</REF_TYPE>
     <ABAP_FIELD>INSTANCEID</ABAP_FIELD>
     <REQUIREFILTER_XU>X</REQUIREFILTER_XU>
     <UNIT_PROP_XU>X</UNIT_PROP_XU>
     <ABTY_XU>X</ABTY_XU>
     <SORT_ORDER>1</SORT_ORDER>
     <DESCRIPTION_XU>X</DESCRIPTION_XU>
    </_-IWBEP_-I_SBO_PR>
    <_-IWBEP_-I_SBO_PR>
     <PROJECT>ZCA_GW_ATTACHMENT</PROJECT>
     <NODE_UUID>AkxsvKpdHtum0hS7lz4A0Q==</NODE_UUID>
     <PARENT_UUID>AkxsvKpdHtum0hS7lz3A0Q==</PARENT_UUID>
     <NAME>Id</NAME>
     <IS_KEY>X</IS_KEY>
     <MAX_LENGTH>70</MAX_LENGTH>
     <EDM_CORE_TYPE>Edm.String</EDM_CORE_TYPE>
     <REF_TYPE>T</REF_TYPE>
     <ABAP_FIELD>ID</ABAP_FIELD>
     <ABTY_XU>X</ABTY_XU>
     <SORT_ORDER>2</SORT_ORDER>
     <DESCRIPTION_XU>X</DESCRIPTION_XU>
    </_-IWBEP_-I_SBO_PR>
    <_-IWBEP_-I_SBO_PR>
     <PROJECT>ZCA_GW_ATTACHMENT</PROJECT>
     <NODE_UUID>AkxsvKpdHtum0hS7lz4g0Q==</NODE_UUID>
     <PARENT_UUID>AkxsvKpdHtum0hS7lz3A0Q==</PARENT_UUID>
     <NAME>CreatedBy</NAME>
     <MAX_LENGTH>12</MAX_LENGTH>
     <EDM_CORE_TYPE>Edm.String</EDM_CORE_TYPE>
     <REF_TYPE>T</REF_TYPE>
     <ABAP_FIELD>CREATEDBY</ABAP_FIELD>
     <REQUIREFILTER_XU>X</REQUIREFILTER_XU>
     <UNIT_PROP_XU>X</UNIT_PROP_XU>
     <ABTY_XU>X</ABTY_XU>
     <SORT_ORDER>3</SORT_ORDER>
     <DESCRIPTION_XU>X</DESCRIPTION_XU>
    </_-IWBEP_-I_SBO_PR>
    <_-IWBEP_-I_SBO_PR>
     <PROJECT>ZCA_GW_ATTACHMENT</PROJECT>
     <NODE_UUID>AkxsvKpdHtum0hS7lz5A0Q==</NODE_UUID>
     <PARENT_UUID>AkxsvKpdHtum0hS7lz3A0Q==</PARENT_UUID>
     <NAME>CreatedByName</NAME>
     <MAX_LENGTH>80</MAX_LENGTH>
     <EDM_CORE_TYPE>Edm.String</EDM_CORE_TYPE>
     <REF_TYPE>T</REF_TYPE>
     <ABAP_FIELD>CREATEDBYNAME</ABAP_FIELD>
     <ABTY_XU>X</ABTY_XU>
     <SORT_ORDER>4</SORT_ORDER>
     <DESCRIPTION_XU>X</DESCRIPTION_XU>
    </_-IWBEP_-I_SBO_PR>
    <_-IWBEP_-I_SBO_PR>
     <PROJECT>ZCA_GW_ATTACHMENT</PROJECT>
     <NODE_UUID>AkxsvKpdHtum0hS7lz5g0Q==</NODE_UUID>
     <PARENT_UUID>AkxsvKpdHtum0hS7lz3A0Q==</PARENT_UUID>
     <NAME>CreatedAt</NAME>
     <SORTABLE>X</SORTABLE>
     <EDM_CORE_TYPE>Edm.DateTime</EDM_CORE_TYPE>
     <IS_NULLABLE>X</IS_NULLABLE>
     <REF_TYPE>T</REF_TYPE>
     <ABAP_FIELD>CREATEDAT</ABAP_FIELD>
     <ABTY_XU>X</ABTY_XU>
     <SORT_ORDER>5</SORT_ORDER>
     <DESCRIPTION_XU>X</DESCRIPTION_XU>
    </_-IWBEP_-I_SBO_PR>
    <_-IWBEP_-I_SBO_PR>
     <PROJECT>ZCA_GW_ATTACHMENT</PROJECT>
     <NODE_UUID>AkxsvKpdHtum0hS7lz6A0Q==</NODE_UUID>
     <PARENT_UUID>AkxsvKpdHtum0hS7lz3A0Q==</PARENT_UUID>
     <NAME>MimeType</NAME>
     <MAX_LENGTH>128</MAX_LENGTH>
     <EDM_CORE_TYPE>Edm.String</EDM_CORE_TYPE>
     <REF_TYPE>T</REF_TYPE>
     <ABAP_FIELD>MIMETYPE</ABAP_FIELD>
     <REQUIREFILTER_XU>X</REQUIREFILTER_XU>
     <UNIT_PROP_XU>X</UNIT_PROP_XU>
     <ABTY_XU>X</ABTY_XU>
     <SORT_ORDER>6</SORT_ORDER>
     <DESCRIPTION_XU>X</DESCRIPTION_XU>
    </_-IWBEP_-I_SBO_PR>
    <_-IWBEP_-I_SBO_PR>
     <PROJECT>ZCA_GW_ATTACHMENT</PROJECT>
     <NODE_UUID>AkxsvKpdHtum0hS7lz6g0Q==</NODE_UUID>
     <PARENT_UUID>AkxsvKpdHtum0hS7lz3A0Q==</PARENT_UUID>
     <NAME>FileSize</NAME>
     <EDM_CORE_TYPE>Edm.Int32</EDM_CORE_TYPE>
     <REF_TYPE>T</REF_TYPE>
     <ABAP_FIELD>FILESIZE</ABAP_FIELD>
     <REQUIREFILTER_XU>X</REQUIREFILTER_XU>
     <UNIT_PROP_XU>X</UNIT_PROP_XU>
     <ABTY_XU>X</ABTY_XU>
     <SORT_ORDER>7</SORT_ORDER>
     <DESCRIPTION_XU>X</DESCRIPTION_XU>
    </_-IWBEP_-I_SBO_PR>
    <_-IWBEP_-I_SBO_PR>
     <PROJECT>ZCA_GW_ATTACHMENT</PROJECT>
     <NODE_UUID>AkxsvKpdHtum0hS7lz7A0Q==</NODE_UUID>
     <PARENT_UUID>AkxsvKpdHtum0hS7lz3A0Q==</PARENT_UUID>
     <NAME>FileName</NAME>
     <EDM_CORE_TYPE>Edm.String</EDM_CORE_TYPE>
     <REF_TYPE>T</REF_TYPE>
     <ABAP_FIELD>FILENAME</ABAP_FIELD>
     <REQUIREFILTER_XU>X</REQUIREFILTER_XU>
     <UNIT_PROP_XU>X</UNIT_PROP_XU>
     <ABTY_XU>X</ABTY_XU>
     <SORT_ORDER>8</SORT_ORDER>
     <DESCRIPTION_XU>X</DESCRIPTION_XU>
    </_-IWBEP_-I_SBO_PR>
    <_-IWBEP_-I_SBO_PR>
     <PROJECT>ZCA_GW_ATTACHMENT</PROJECT>
     <NODE_UUID>AkxsvKpdHtum0hS7lz7g0Q==</NODE_UUID>
     <PARENT_UUID>AkxsvKpdHtum0hS7lz3A0Q==</PARENT_UUID>
     <NAME>TypeID</NAME>
     <IS_KEY>X</IS_KEY>
     <MAX_LENGTH>32</MAX_LENGTH>
     <EDM_CORE_TYPE>Edm.String</EDM_CORE_TYPE>
     <REF_TYPE>T</REF_TYPE>
     <ABAP_FIELD>TYPEID</ABAP_FIELD>
     <REQUIREFILTER_XU>X</REQUIREFILTER_XU>
     <UNIT_PROP_XU>X</UNIT_PROP_XU>
     <ABTY_XU>X</ABTY_XU>
     <SORT_ORDER>9</SORT_ORDER>
     <DESCRIPTION_XU>X</DESCRIPTION_XU>
    </_-IWBEP_-I_SBO_PR>
    <_-IWBEP_-I_SBO_PR>
     <PROJECT>ZCA_GW_ATTACHMENT</PROJECT>
     <NODE_UUID>AkxsvKpdHtum0hS7lz8A0Q==</NODE_UUID>
     <PARENT_UUID>AkxsvKpdHtum0hS7lz3A0Q==</PARENT_UUID>
     <NAME>CategoryID</NAME>
     <IS_KEY>X</IS_KEY>
     <MAX_LENGTH>2</MAX_LENGTH>
     <EDM_CORE_TYPE>Edm.String</EDM_CORE_TYPE>
     <REF_TYPE>T</REF_TYPE>
     <ABAP_FIELD>CATID</ABAP_FIELD>
     <REQUIREFILTER_XU>X</REQUIREFILTER_XU>
     <UNIT_PROP_XU>X</UNIT_PROP_XU>
     <ABTY_XU>X</ABTY_XU>
     <SORT_ORDER>10</SORT_ORDER>
     <DESCRIPTION_XU>X</DESCRIPTION_XU>
    </_-IWBEP_-I_SBO_PR>
    <_-IWBEP_-I_SBO_PR>
     <PROJECT>ZCA_GW_ATTACHMENT</PROJECT>
     <NODE_UUID>AkxsvKpdHtum0jWL0NnA0Q==</NODE_UUID>
     <PARENT_UUID>AkxsvKpdHtum0jWL0Nmg0Q==</PARENT_UUID>
     <NAME>InstanceID</NAME>
     <IS_KEY>X</IS_KEY>
     <MAX_LENGTH>70</MAX_LENGTH>
     <EDM_CORE_TYPE>Edm.String</EDM_CORE_TYPE>
     <REF_TYPE>T</REF_TYPE>
     <ABAP_FIELD>INSTANCEID</ABAP_FIELD>
     <AS_ETAG_XU>X</AS_ETAG_XU>
     <REQUIREFILTER_XU>X</REQUIREFILTER_XU>
     <UNIT_PROP_XU>X</UNIT_PROP_XU>
     <ABTY_XU>X</ABTY_XU>
     <SORT_ORDER>1</SORT_ORDER>
     <DESCRIPTION_XU>X</DESCRIPTION_XU>
    </_-IWBEP_-I_SBO_PR>
    <_-IWBEP_-I_SBO_PR>
     <PROJECT>ZCA_GW_ATTACHMENT</PROJECT>
     <NODE_UUID>AkxsvKpdHtum0jWL0Nng0Q==</NODE_UUID>
     <PARENT_UUID>AkxsvKpdHtum0jWL0Nmg0Q==</PARENT_UUID>
     <NAME>Id</NAME>
     <IS_KEY>X</IS_KEY>
     <MAX_LENGTH>70</MAX_LENGTH>
     <EDM_CORE_TYPE>Edm.String</EDM_CORE_TYPE>
     <REF_TYPE>T</REF_TYPE>
     <ABAP_FIELD>ID</ABAP_FIELD>
     <ABTY_XU>X</ABTY_XU>
     <SORT_ORDER>2</SORT_ORDER>
     <DESCRIPTION_XU>X</DESCRIPTION_XU>
    </_-IWBEP_-I_SBO_PR>
    <_-IWBEP_-I_SBO_PR>
     <PROJECT>ZCA_GW_ATTACHMENT</PROJECT>
     <NODE_UUID>AkxsvKpdHtum0jWL0NoA0Q==</NODE_UUID>
     <PARENT_UUID>AkxsvKpdHtum0jWL0Nmg0Q==</PARENT_UUID>
     <NAME>CreatedBy</NAME>
     <MAX_LENGTH>12</MAX_LENGTH>
     <EDM_CORE_TYPE>Edm.String</EDM_CORE_TYPE>
     <REF_TYPE>T</REF_TYPE>
     <ABAP_FIELD>CREATEDBY</ABAP_FIELD>
     <AS_ETAG_XU>X</AS_ETAG_XU>
     <REQUIREFILTER_XU>X</REQUIREFILTER_XU>
     <UNIT_PROP_XU>X</UNIT_PROP_XU>
     <ABTY_XU>X</ABTY_XU>
     <SORT_ORDER>3</SORT_ORDER>
     <DESCRIPTION_XU>X</DESCRIPTION_XU>
    </_-IWBEP_-I_SBO_PR>
    <_-IWBEP_-I_SBO_PR>
     <PROJECT>ZCA_GW_ATTACHMENT</PROJECT>
     <NODE_UUID>AkxsvKpdHtum0jWL0Nog0Q==</NODE_UUID>
     <PARENT_UUID>AkxsvKpdHtum0jWL0Nmg0Q==</PARENT_UUID>
     <NAME>CreatedByName</NAME>
     <MAX_LENGTH>80</MAX_LENGTH>
     <EDM_CORE_TYPE>Edm.String</EDM_CORE_TYPE>
     <REF_TYPE>T</REF_TYPE>
     <ABAP_FIELD>CREATEDBYNAME</ABAP_FIELD>
     <AS_ETAG_XU>X</AS_ETAG_XU>
     <REQUIREFILTER_XU>X</REQUIREFILTER_XU>
     <UNIT_PROP_XU>X</UNIT_PROP_XU>
     <ABTY_XU>X</ABTY_XU>
     <SORT_ORDER>4</SORT_ORDER>
     <DESCRIPTION_XU>X</DESCRIPTION_XU>
    </_-IWBEP_-I_SBO_PR>
    <_-IWBEP_-I_SBO_PR>
     <PROJECT>ZCA_GW_ATTACHMENT</PROJECT>
     <NODE_UUID>AkxsvKpdHtum0jWL0NpA0Q==</NODE_UUID>
     <PARENT_UUID>AkxsvKpdHtum0jWL0Nmg0Q==</PARENT_UUID>
     <NAME>CreatedAt</NAME>
     <SORTABLE>X</SORTABLE>
     <EDM_CORE_TYPE>Edm.DateTime</EDM_CORE_TYPE>
     <IS_NULLABLE>X</IS_NULLABLE>
     <REF_TYPE>T</REF_TYPE>
     <ABAP_FIELD>CREATEDAT</ABAP_FIELD>
     <ABTY_XU>X</ABTY_XU>
     <SORT_ORDER>5</SORT_ORDER>
     <DESCRIPTION_XU>X</DESCRIPTION_XU>
    </_-IWBEP_-I_SBO_PR>
    <_-IWBEP_-I_SBO_PR>
     <PROJECT>ZCA_GW_ATTACHMENT</PROJECT>
     <NODE_UUID>AkxsvKpdHtum0jWL0Npg0Q==</NODE_UUID>
     <PARENT_UUID>AkxsvKpdHtum0jWL0Nmg0Q==</PARENT_UUID>
     <NAME>Note</NAME>
     <EDM_CORE_TYPE>Edm.String</EDM_CORE_TYPE>
     <REF_TYPE>T</REF_TYPE>
     <ABAP_FIELD>NOTE</ABAP_FIELD>
     <AS_ETAG_XU>X</AS_ETAG_XU>
     <REQUIREFILTER_XU>X</REQUIREFILTER_XU>
     <UNIT_PROP_XU>X</UNIT_PROP_XU>
     <ABTY_XU>X</ABTY_XU>
     <SORT_ORDER>6</SORT_ORDER>
     <DESCRIPTION_XU>X</DESCRIPTION_XU>
    </_-IWBEP_-I_SBO_PR>
    <_-IWBEP_-I_SBO_PR>
     <PROJECT>ZCA_GW_ATTACHMENT</PROJECT>
     <NODE_UUID>AkxsvKpdHtum0jWL0NqA0Q==</NODE_UUID>
     <PARENT_UUID>AkxsvKpdHtum0jWL0Nmg0Q==</PARENT_UUID>
     <NAME>TypeID</NAME>
     <IS_KEY>X</IS_KEY>
     <MAX_LENGTH>32</MAX_LENGTH>
     <EDM_CORE_TYPE>Edm.String</EDM_CORE_TYPE>
     <REF_TYPE>T</REF_TYPE>
     <ABAP_FIELD>TYPEID</ABAP_FIELD>
     <ABTY_XU>X</ABTY_XU>
     <SORT_ORDER>7</SORT_ORDER>
     <DESCRIPTION_XU>X</DESCRIPTION_XU>
    </_-IWBEP_-I_SBO_PR>
    <_-IWBEP_-I_SBO_PR>
     <PROJECT>ZCA_GW_ATTACHMENT</PROJECT>
     <NODE_UUID>AkxsvKpdHtum0jWL0Nqg0Q==</NODE_UUID>
     <PARENT_UUID>AkxsvKpdHtum0jWL0Nmg0Q==</PARENT_UUID>
     <NAME>CategoryID</NAME>
     <IS_KEY>X</IS_KEY>
     <MAX_LENGTH>2</MAX_LENGTH>
     <EDM_CORE_TYPE>Edm.String</EDM_CORE_TYPE>
     <REF_TYPE>T</REF_TYPE>
     <ABAP_FIELD>CATID</ABAP_FIELD>
     <ABTY_XU>X</ABTY_XU>
     <SORT_ORDER>8</SORT_ORDER>
     <DESCRIPTION_XU>X</DESCRIPTION_XU>
    </_-IWBEP_-I_SBO_PR>
   </_-IWBEP_-I_SBO_PR>
   <_-IWBEP_-I_SBO_PRT>
    <_-IWBEP_-I_SBO_PRT>
     <SYLANGU>E</SYLANGU>
     <PROJECT>ZCA_GW_ATTACHMENT</PROJECT>
     <NODE_UUID>AkxsvKpdHtum0gIUyEbA0Q==</NODE_UUID>
     <PROP_LABEL>Instance ID</PROP_LABEL>
    </_-IWBEP_-I_SBO_PRT>
    <_-IWBEP_-I_SBO_PRT>
     <SYLANGU>E</SYLANGU>
     <PROJECT>ZCA_GW_ATTACHMENT</PROJECT>
     <NODE_UUID>AkxsvKpdHtum0gIUyEbg0Q==</NODE_UUID>
     <PROP_LABEL>Object Type</PROP_LABEL>
    </_-IWBEP_-I_SBO_PRT>
    <_-IWBEP_-I_SBO_PRT>
     <SYLANGU>E</SYLANGU>
     <PROJECT>ZCA_GW_ATTACHMENT</PROJECT>
     <NODE_UUID>AkxsvKpdHtum0gIUyEcA0Q==</NODE_UUID>
     <PROP_LABEL>Object Category</PROP_LABEL>
    </_-IWBEP_-I_SBO_PRT>
    <_-IWBEP_-I_SBO_PRT>
     <SYLANGU>E</SYLANGU>
     <PROJECT>ZCA_GW_ATTACHMENT</PROJECT>
     <NODE_UUID>AkxsvKpdHtum0hS7lz3g0Q==</NODE_UUID>
     <PROP_LABEL>Instance ID</PROP_LABEL>
    </_-IWBEP_-I_SBO_PRT>
    <_-IWBEP_-I_SBO_PRT>
     <SYLANGU>E</SYLANGU>
     <PROJECT>ZCA_GW_ATTACHMENT</PROJECT>
     <NODE_UUID>AkxsvKpdHtum0hS7lz4A0Q==</NODE_UUID>
     <PROP_LABEL>Document ID</PROP_LABEL>
    </_-IWBEP_-I_SBO_PRT>
    <_-IWBEP_-I_SBO_PRT>
     <SYLANGU>E</SYLANGU>
     <PROJECT>ZCA_GW_ATTACHMENT</PROJECT>
     <NODE_UUID>AkxsvKpdHtum0hS7lz4g0Q==</NODE_UUID>
     <PROP_LABEL>Created By</PROP_LABEL>
    </_-IWBEP_-I_SBO_PRT>
    <_-IWBEP_-I_SBO_PRT>
     <SYLANGU>E</SYLANGU>
     <PROJECT>ZCA_GW_ATTACHMENT</PROJECT>
     <NODE_UUID>AkxsvKpdHtum0hS7lz5A0Q==</NODE_UUID>
     <PROP_LABEL>Created By Name</PROP_LABEL>
    </_-IWBEP_-I_SBO_PRT>
    <_-IWBEP_-I_SBO_PRT>
     <SYLANGU>E</SYLANGU>
     <PROJECT>ZCA_GW_ATTACHMENT</PROJECT>
     <NODE_UUID>AkxsvKpdHtum0hS7lz5g0Q==</NODE_UUID>
     <PROP_LABEL>Created At</PROP_LABEL>
    </_-IWBEP_-I_SBO_PRT>
    <_-IWBEP_-I_SBO_PRT>
     <SYLANGU>E</SYLANGU>
     <PROJECT>ZCA_GW_ATTACHMENT</PROJECT>
     <NODE_UUID>AkxsvKpdHtum0hS7lz6A0Q==</NODE_UUID>
     <PROP_LABEL>MIME Type</PROP_LABEL>
    </_-IWBEP_-I_SBO_PRT>
    <_-IWBEP_-I_SBO_PRT>
     <SYLANGU>E</SYLANGU>
     <PROJECT>ZCA_GW_ATTACHMENT</PROJECT>
     <NODE_UUID>AkxsvKpdHtum0hS7lz6g0Q==</NODE_UUID>
     <PROP_LABEL>File Size</PROP_LABEL>
    </_-IWBEP_-I_SBO_PRT>
    <_-IWBEP_-I_SBO_PRT>
     <SYLANGU>E</SYLANGU>
     <PROJECT>ZCA_GW_ATTACHMENT</PROJECT>
     <NODE_UUID>AkxsvKpdHtum0hS7lz7A0Q==</NODE_UUID>
     <PROP_LABEL>File Name</PROP_LABEL>
    </_-IWBEP_-I_SBO_PRT>
    <_-IWBEP_-I_SBO_PRT>
     <SYLANGU>E</SYLANGU>
     <PROJECT>ZCA_GW_ATTACHMENT</PROJECT>
     <NODE_UUID>AkxsvKpdHtum0hS7lz7g0Q==</NODE_UUID>
     <PROP_LABEL>Object Type</PROP_LABEL>
    </_-IWBEP_-I_SBO_PRT>
    <_-IWBEP_-I_SBO_PRT>
     <SYLANGU>E</SYLANGU>
     <PROJECT>ZCA_GW_ATTACHMENT</PROJECT>
     <NODE_UUID>AkxsvKpdHtum0hS7lz8A0Q==</NODE_UUID>
     <PROP_LABEL>Object Category</PROP_LABEL>
    </_-IWBEP_-I_SBO_PRT>
    <_-IWBEP_-I_SBO_PRT>
     <SYLANGU>E</SYLANGU>
     <PROJECT>ZCA_GW_ATTACHMENT</PROJECT>
     <NODE_UUID>AkxsvKpdHtum0jWL0NnA0Q==</NODE_UUID>
     <PROP_LABEL>Instance ID</PROP_LABEL>
    </_-IWBEP_-I_SBO_PRT>
    <_-IWBEP_-I_SBO_PRT>
     <SYLANGU>E</SYLANGU>
     <PROJECT>ZCA_GW_ATTACHMENT</PROJECT>
     <NODE_UUID>AkxsvKpdHtum0jWL0Nng0Q==</NODE_UUID>
     <PROP_LABEL>Document ID</PROP_LABEL>
    </_-IWBEP_-I_SBO_PRT>
    <_-IWBEP_-I_SBO_PRT>
     <SYLANGU>E</SYLANGU>
     <PROJECT>ZCA_GW_ATTACHMENT</PROJECT>
     <NODE_UUID>AkxsvKpdHtum0jWL0NoA0Q==</NODE_UUID>
     <PROP_LABEL>Created BY</PROP_LABEL>
    </_-IWBEP_-I_SBO_PRT>
    <_-IWBEP_-I_SBO_PRT>
     <SYLANGU>E</SYLANGU>
     <PROJECT>ZCA_GW_ATTACHMENT</PROJECT>
     <NODE_UUID>AkxsvKpdHtum0jWL0Nog0Q==</NODE_UUID>
     <PROP_LABEL>Created By Name</PROP_LABEL>
    </_-IWBEP_-I_SBO_PRT>
    <_-IWBEP_-I_SBO_PRT>
     <SYLANGU>E</SYLANGU>
     <PROJECT>ZCA_GW_ATTACHMENT</PROJECT>
     <NODE_UUID>AkxsvKpdHtum0jWL0NpA0Q==</NODE_UUID>
     <PROP_LABEL>Created At</PROP_LABEL>
    </_-IWBEP_-I_SBO_PRT>
    <_-IWBEP_-I_SBO_PRT>
     <SYLANGU>E</SYLANGU>
     <PROJECT>ZCA_GW_ATTACHMENT</PROJECT>
     <NODE_UUID>AkxsvKpdHtum0jWL0Npg0Q==</NODE_UUID>
     <PROP_LABEL>Comment</PROP_LABEL>
    </_-IWBEP_-I_SBO_PRT>
    <_-IWBEP_-I_SBO_PRT>
     <SYLANGU>E</SYLANGU>
     <PROJECT>ZCA_GW_ATTACHMENT</PROJECT>
     <NODE_UUID>AkxsvKpdHtum0jWL0NqA0Q==</NODE_UUID>
     <PROP_LABEL>Object Type</PROP_LABEL>
    </_-IWBEP_-I_SBO_PRT>
    <_-IWBEP_-I_SBO_PRT>
     <SYLANGU>E</SYLANGU>
     <PROJECT>ZCA_GW_ATTACHMENT</PROJECT>
     <NODE_UUID>AkxsvKpdHtum0jWL0Nqg0Q==</NODE_UUID>
     <PROP_LABEL>Object Category</PROP_LABEL>
    </_-IWBEP_-I_SBO_PRT>
   </_-IWBEP_-I_SBO_PRT>
   <_-IWBEP_-I_SBO_RC>
    <_-IWBEP_-I_SBO_RC>
     <PROJECT>ZCA_GW_ATTACHMENT</PROJECT>
     <NODE_UUID>AkxsvKpdHtum/2krvnJg0Q==</NODE_UUID>
     <NAME>InstanceID</NAME>
     <DEPENDENT_PROP_R>AkxsvKpdHtum0hS7lz3g0Q==</DEPENDENT_PROP_R>
     <PRINCIPAL_PROP_R>AkxsvKpdHtum0gIUyEbA0Q==</PRINCIPAL_PROP_R>
     <PRINCIPAL_ROLE>AkxsvKpdHtum0gIUyEag0Q==</PRINCIPAL_ROLE>
     <DEPENDENT_ROLE>AkxsvKpdHtum0hS7lz3A0Q==</DEPENDENT_ROLE>
     <ASSOCIATION_GUID>AkxsvKpdHtum/2krvnIg0Q==</ASSOCIATION_GUID>
     <REF_TYPE>T</REF_TYPE>
     <TXTR_XU>X</TXTR_XU>
     <DESCRIPTION_XU>X</DESCRIPTION_XU>
     <REFC_LABEL_XU>X</REFC_LABEL_XU>
     <PROPERTY_PATH>00000000000000000000000000000000</PROPERTY_PATH>
     <REF_PROP_PATH>00000000000000000000000000000000</REF_PROP_PATH>
    </_-IWBEP_-I_SBO_RC>
    <_-IWBEP_-I_SBO_RC>
     <PROJECT>ZCA_GW_ATTACHMENT</PROJECT>
     <NODE_UUID>AkxsvKpdHtum/2krvnKA0Q==</NODE_UUID>
     <NAME>TypeID</NAME>
     <DEPENDENT_PROP_R>AkxsvKpdHtum0hS7lz7g0Q==</DEPENDENT_PROP_R>
     <PRINCIPAL_PROP_R>AkxsvKpdHtum0gIUyEbg0Q==</PRINCIPAL_PROP_R>
     <PRINCIPAL_ROLE>AkxsvKpdHtum0gIUyEag0Q==</PRINCIPAL_ROLE>
     <DEPENDENT_ROLE>AkxsvKpdHtum0hS7lz3A0Q==</DEPENDENT_ROLE>
     <ASSOCIATION_GUID>AkxsvKpdHtum/2krvnIg0Q==</ASSOCIATION_GUID>
     <REF_TYPE>T</REF_TYPE>
     <TXTR_XU>X</TXTR_XU>
     <DESCRIPTION_XU>X</DESCRIPTION_XU>
     <REFC_LABEL_XU>X</REFC_LABEL_XU>
     <PROPERTY_PATH>00000000000000000000000000000000</PROPERTY_PATH>
     <REF_PROP_PATH>00000000000000000000000000000000</REF_PROP_PATH>
    </_-IWBEP_-I_SBO_RC>
    <_-IWBEP_-I_SBO_RC>
     <PROJECT>ZCA_GW_ATTACHMENT</PROJECT>
     <NODE_UUID>AkxsvKpdHtum/2krvnKg0Q==</NODE_UUID>
     <NAME>CategoryID</NAME>
     <DEPENDENT_PROP_R>AkxsvKpdHtum0hS7lz8A0Q==</DEPENDENT_PROP_R>
     <PRINCIPAL_PROP_R>AkxsvKpdHtum0gIUyEcA0Q==</PRINCIPAL_PROP_R>
     <PRINCIPAL_ROLE>AkxsvKpdHtum0gIUyEag0Q==</PRINCIPAL_ROLE>
     <DEPENDENT_ROLE>AkxsvKpdHtum0hS7lz3A0Q==</DEPENDENT_ROLE>
     <ASSOCIATION_GUID>AkxsvKpdHtum/2krvnIg0Q==</ASSOCIATION_GUID>
     <REF_TYPE>T</REF_TYPE>
     <TXTR_XU>X</TXTR_XU>
     <DESCRIPTION_XU>X</DESCRIPTION_XU>
     <REFC_LABEL_XU>X</REFC_LABEL_XU>
     <PROPERTY_PATH>00000000000000000000000000000000</PROPERTY_PATH>
     <REF_PROP_PATH>00000000000000000000000000000000</REF_PROP_PATH>
    </_-IWBEP_-I_SBO_RC>
    <_-IWBEP_-I_SBO_RC>
     <PROJECT>ZCA_GW_ATTACHMENT</PROJECT>
     <NODE_UUID>AkxsvKpdHtum/3LgGwig0Q==</NODE_UUID>
     <NAME>InstanceID</NAME>
     <DEPENDENT_PROP_R>AkxsvKpdHtum0jWL0NnA0Q==</DEPENDENT_PROP_R>
     <PRINCIPAL_PROP_R>AkxsvKpdHtum0gIUyEbA0Q==</PRINCIPAL_PROP_R>
     <PRINCIPAL_ROLE>AkxsvKpdHtum0gIUyEag0Q==</PRINCIPAL_ROLE>
     <DEPENDENT_ROLE>AkxsvKpdHtum0jWL0Nmg0Q==</DEPENDENT_ROLE>
     <ASSOCIATION_GUID>AkxsvKpdHtum/3LgGwfg0Q==</ASSOCIATION_GUID>
     <REF_TYPE>T</REF_TYPE>
     <TXTR_XU>X</TXTR_XU>
     <DESCRIPTION_XU>X</DESCRIPTION_XU>
     <REFC_LABEL_XU>X</REFC_LABEL_XU>
     <PROPERTY_PATH>00000000000000000000000000000000</PROPERTY_PATH>
     <REF_PROP_PATH>00000000000000000000000000000000</REF_PROP_PATH>
    </_-IWBEP_-I_SBO_RC>
    <_-IWBEP_-I_SBO_RC>
     <PROJECT>ZCA_GW_ATTACHMENT</PROJECT>
     <NODE_UUID>AkxsvKpdHtum/3LgGwjA0Q==</NODE_UUID>
     <NAME>TypeID</NAME>
     <DEPENDENT_PROP_R>AkxsvKpdHtum0jWL0NqA0Q==</DEPENDENT_PROP_R>
     <PRINCIPAL_PROP_R>AkxsvKpdHtum0gIUyEbg0Q==</PRINCIPAL_PROP_R>
     <PRINCIPAL_ROLE>AkxsvKpdHtum0gIUyEag0Q==</PRINCIPAL_ROLE>
     <DEPENDENT_ROLE>AkxsvKpdHtum0jWL0Nmg0Q==</DEPENDENT_ROLE>
     <ASSOCIATION_GUID>AkxsvKpdHtum/3LgGwfg0Q==</ASSOCIATION_GUID>
     <REF_TYPE>T</REF_TYPE>
     <TXTR_XU>X</TXTR_XU>
     <DESCRIPTION_XU>X</DESCRIPTION_XU>
     <REFC_LABEL_XU>X</REFC_LABEL_XU>
     <PROPERTY_PATH>00000000000000000000000000000000</PROPERTY_PATH>
     <REF_PROP_PATH>00000000000000000000000000000000</REF_PROP_PATH>
    </_-IWBEP_-I_SBO_RC>
    <_-IWBEP_-I_SBO_RC>
     <PROJECT>ZCA_GW_ATTACHMENT</PROJECT>
     <NODE_UUID>AkxsvKpdHtum/3LgGwjg0Q==</NODE_UUID>
     <NAME>CategoryID</NAME>
     <DEPENDENT_PROP_R>AkxsvKpdHtum0jWL0Nqg0Q==</DEPENDENT_PROP_R>
     <PRINCIPAL_PROP_R>AkxsvKpdHtum0gIUyEcA0Q==</PRINCIPAL_PROP_R>
     <PRINCIPAL_ROLE>AkxsvKpdHtum0gIUyEag0Q==</PRINCIPAL_ROLE>
     <DEPENDENT_ROLE>AkxsvKpdHtum0jWL0Nmg0Q==</DEPENDENT_ROLE>
     <ASSOCIATION_GUID>AkxsvKpdHtum/3LgGwfg0Q==</ASSOCIATION_GUID>
     <REF_TYPE>T</REF_TYPE>
     <TXTR_XU>X</TXTR_XU>
     <DESCRIPTION_XU>X</DESCRIPTION_XU>
     <REFC_LABEL_XU>X</REFC_LABEL_XU>
     <PROPERTY_PATH>00000000000000000000000000000000</PROPERTY_PATH>
     <REF_PROP_PATH>00000000000000000000000000000000</REF_PROP_PATH>
    </_-IWBEP_-I_SBO_RC>
   </_-IWBEP_-I_SBO_RC>
   <_-IWBEP_-I_SBO_RCT>
    <_-IWBEP_-I_SBO_RCT>
     <SYLANGU>E</SYLANGU>
     <PROJECT>ZCA_GW_ATTACHMENT</PROJECT>
     <NODE_UUID>AkxsvKpdHtum/2krvnJg0Q==</NODE_UUID>
    </_-IWBEP_-I_SBO_RCT>
    <_-IWBEP_-I_SBO_RCT>
     <SYLANGU>E</SYLANGU>
     <PROJECT>ZCA_GW_ATTACHMENT</PROJECT>
     <NODE_UUID>AkxsvKpdHtum/2krvnKA0Q==</NODE_UUID>
    </_-IWBEP_-I_SBO_RCT>
    <_-IWBEP_-I_SBO_RCT>
     <SYLANGU>E</SYLANGU>
     <PROJECT>ZCA_GW_ATTACHMENT</PROJECT>
     <NODE_UUID>AkxsvKpdHtum/2krvnKg0Q==</NODE_UUID>
    </_-IWBEP_-I_SBO_RCT>
    <_-IWBEP_-I_SBO_RCT>
     <SYLANGU>E</SYLANGU>
     <PROJECT>ZCA_GW_ATTACHMENT</PROJECT>
     <NODE_UUID>AkxsvKpdHtum/3LgGwig0Q==</NODE_UUID>
    </_-IWBEP_-I_SBO_RCT>
    <_-IWBEP_-I_SBO_RCT>
     <SYLANGU>E</SYLANGU>
     <PROJECT>ZCA_GW_ATTACHMENT</PROJECT>
     <NODE_UUID>AkxsvKpdHtum/3LgGwjA0Q==</NODE_UUID>
    </_-IWBEP_-I_SBO_RCT>
    <_-IWBEP_-I_SBO_RCT>
     <SYLANGU>E</SYLANGU>
     <PROJECT>ZCA_GW_ATTACHMENT</PROJECT>
     <NODE_UUID>AkxsvKpdHtum/3LgGwjg0Q==</NODE_UUID>
    </_-IWBEP_-I_SBO_RCT>
   </_-IWBEP_-I_SBO_RCT>
  </asx:values>
 </asx:abap>
</abapGit>
