﻿<?xml version="1.0" encoding="utf-8"?>
<abapGit version="v1.0.0" serializer="LCL_OBJECT_CLAS" serializer_version="v1.0.0">
 <asx:abap xmlns:asx="http://www.sap.com/abapxml" version="1.0">
  <asx:values>
   <VSEOCLASS>
    <CLSNAME>ZCL_CA_GOS_ATTACHMENTS</CLSNAME>
    <LANGU>E</LANGU>
    <DESCRIPT>GOS Attachments</DESCRIPT>
    <STATE>1</STATE>
    <CLSCCINCL>X</CLSCCINCL>
    <FIXPT>X</FIXPT>
    <UNICODE>X</UNICODE>
   </VSEOCLASS>
   <DESCRIPTIONS>
    <SEOCOMPOTX>
     <CLSNAME>ZCL_CA_GOS_ATTACHMENTS</CLSNAME>
     <CMPNAME>CREATE_ATTACHMENT</CMPNAME>
     <LANGU>E</LANGU>
     <DESCRIPT>Create Attachment</DESCRIPT>
    </SEOCOMPOTX>
    <SEOCOMPOTX>
     <CLSNAME>ZCL_CA_GOS_ATTACHMENTS</CLSNAME>
     <CMPNAME>CREATE_NOTE</CMPNAME>
     <LANGU>E</LANGU>
     <DESCRIPT>Save Note</DESCRIPT>
    </SEOCOMPOTX>
    <SEOCOMPOTX>
     <CLSNAME>ZCL_CA_GOS_ATTACHMENTS</CLSNAME>
     <CMPNAME>DELETE</CMPNAME>
     <LANGU>E</LANGU>
     <DESCRIPT>Delete Attachment</DESCRIPT>
    </SEOCOMPOTX>
    <SEOCOMPOTX>
     <CLSNAME>ZCL_CA_GOS_ATTACHMENTS</CLSNAME>
     <CMPNAME>EXTRACT_FILE_DTLS_FROM_SLUG</CMPNAME>
     <LANGU>E</LANGU>
     <DESCRIPT>Extract File Info from Slug</DESCRIPT>
    </SEOCOMPOTX>
    <SEOCOMPOTX>
     <CLSNAME>ZCL_CA_GOS_ATTACHMENTS</CLSNAME>
     <CMPNAME>GC_TYPE_FILE</CMPNAME>
     <LANGU>E</LANGU>
     <DESCRIPT>Code for document class</DESCRIPT>
    </SEOCOMPOTX>
    <SEOCOMPOTX>
     <CLSNAME>ZCL_CA_GOS_ATTACHMENTS</CLSNAME>
     <CMPNAME>GC_TYPE_NOTE</CMPNAME>
     <LANGU>E</LANGU>
     <DESCRIPT>Code for document class</DESCRIPT>
    </SEOCOMPOTX>
    <SEOCOMPOTX>
     <CLSNAME>ZCL_CA_GOS_ATTACHMENTS</CLSNAME>
     <CMPNAME>GC_TYPE_URL</CMPNAME>
     <LANGU>E</LANGU>
     <DESCRIPT>Code for document class</DESCRIPT>
    </SEOCOMPOTX>
    <SEOCOMPOTX>
     <CLSNAME>ZCL_CA_GOS_ATTACHMENTS</CLSNAME>
     <CMPNAME>GET_ATTACHMENTS</CMPNAME>
     <LANGU>E</LANGU>
     <DESCRIPT>Get Attachments for API Services</DESCRIPT>
    </SEOCOMPOTX>
    <SEOCOMPOTX>
     <CLSNAME>ZCL_CA_GOS_ATTACHMENTS</CLSNAME>
     <CMPNAME>GET_ATTACHMENTS_DETAIL</CMPNAME>
     <LANGU>E</LANGU>
     <DESCRIPT>Get Attachment Header Info</DESCRIPT>
    </SEOCOMPOTX>
    <SEOCOMPOTX>
     <CLSNAME>ZCL_CA_GOS_ATTACHMENTS</CLSNAME>
     <CMPNAME>GET_ATTACHMENTS_LIST</CMPNAME>
     <LANGU>E</LANGU>
     <DESCRIPT>Get List ( Attachments, Notes, URL&apos;s )</DESCRIPT>
    </SEOCOMPOTX>
    <SEOCOMPOTX>
     <CLSNAME>ZCL_CA_GOS_ATTACHMENTS</CLSNAME>
     <CMPNAME>GET_ATTACHMENT_CONTENT</CMPNAME>
     <LANGU>E</LANGU>
     <DESCRIPT>Get Attachmnent Stream</DESCRIPT>
    </SEOCOMPOTX>
    <SEOCOMPOTX>
     <CLSNAME>ZCL_CA_GOS_ATTACHMENTS</CLSNAME>
     <CMPNAME>GET_NOTES</CMPNAME>
     <LANGU>E</LANGU>
     <DESCRIPT>Get Notes for API Services</DESCRIPT>
    </SEOCOMPOTX>
    <SEOCOMPOTX>
     <CLSNAME>ZCL_CA_GOS_ATTACHMENTS</CLSNAME>
     <CMPNAME>GS_LPORB</CMPNAME>
     <LANGU>E</LANGU>
     <DESCRIPT>Local Persistent Object Reference - BOR Compatible</DESCRIPT>
    </SEOCOMPOTX>
    <SEOCOMPOTX>
     <CLSNAME>ZCL_CA_GOS_ATTACHMENTS</CLSNAME>
     <CMPNAME>GT_ITEMS</CMPNAME>
     <LANGU>E</LANGU>
     <DESCRIPT>Aattachments</DESCRIPT>
    </SEOCOMPOTX>
    <SEOCOMPOTX>
     <CLSNAME>ZCL_CA_GOS_ATTACHMENTS</CLSNAME>
     <CMPNAME>GT_MESSAGES</CMPNAME>
     <LANGU>E</LANGU>
     <DESCRIPT>Table with BAPI Return Information</DESCRIPT>
    </SEOCOMPOTX>
    <SEOCOMPOTX>
     <CLSNAME>ZCL_CA_GOS_ATTACHMENTS</CLSNAME>
     <CMPNAME>GT_OPTIONS</CMPNAME>
     <LANGU>E</LANGU>
     <DESCRIPT>Relations</DESCRIPT>
    </SEOCOMPOTX>
    <SEOCOMPOTX>
     <CLSNAME>ZCL_CA_GOS_ATTACHMENTS</CLSNAME>
     <CMPNAME>GV_ATTACHMENTS_CHANGED</CMPNAME>
     <LANGU>E</LANGU>
     <DESCRIPT>Checkbox</DESCRIPT>
    </SEOCOMPOTX>
    <SEOCOMPOTX>
     <CLSNAME>ZCL_CA_GOS_ATTACHMENTS</CLSNAME>
     <CMPNAME>SAVE</CMPNAME>
     <LANGU>E</LANGU>
     <DESCRIPT>Save Attachment ( Copy of CL_FITV_GOS=&gt;SAVE )</DESCRIPT>
    </SEOCOMPOTX>
   </DESCRIPTIONS>
  </asx:values>
 </asx:abap>
</abapGit>
